nb 0, 7
point de variabilite,1751
_WIN32,196
__APPLE__,121
__linux__,95
_MSC_VER,83
__FreeBSD__,69
HAVE_BACKTRACE,66
__i386__,66
__CONFIG_H,63
__x86_64__,61
MAC_OS_X_VERSION_10_6,56
USE_OPENSSL,53
__GNUC__,52
lconfig_h,48
__OpenBSD__,40
LG_SIZEOF_PTR,39
__cplusplus,39
JEMALLOC_INTERNAL_RTREE_H,36
JEMALLOC_INTERNAL_BIT_UTIL_H,35
__NetBSD__,35
REDIS_TEST,34
JEMALLOC_ATOMIC_U64,33
JEMALLOC_OS_UNFAIR_LOCK,28
JEMALLOC_JET,28
BYTE_ORDER,28
LZFP_h,26
JEMALLOC_INTERNAL_MUTEX_H,26
JEMALLOC_DEBUG,25
_WIN64,24
ONLY64,24
BITMAP_USE_TREE,24
RTREE_LEAF_COMPACT,23
JEMALLOC_MUTEX_INIT_CB,23
JEMALLOC_INTERNAL_BITMAP_H,22
_MSC_STDINT_H_,22
USE_JEMALLOC,22
LUA_VERSION_NUM,21
JEMALLOC_INTERNAL_DECLS_H,21
JEMALLOC_USE_SYSCALL,21
JEMALLOC_INTERNAL_QUANTUM_H,21
JEMALLOC_INTERNAL_ARENA_STATS_H,21
HAVE_MALLOC_SIZE,20
LG_QUANTUM,20
__clang__,19
__DragonFly__,18
__ZMALLOC_H,17
HAVE_ALTIVEC,17
JEMALLOC_INTERNAL_MACROS_H,17
__amd64__,17
SFMT_PARAMS_H,16
MEXP,15
JEMALLOC_PROC_SYS_VM_OVERCOMMIT_MEMORY,15
REDISMODULE_H,14
JEMALLOC_HAVE_BUILTIN_CLZ,14
LUA_NUMBER_DOUBLE,14
USE_SETCPUAFFINITY,14
__MACH__,14
JEMALLOC_BACKGROUND_THREAD,14
HAVE_SETPROCTITLE,14
REDISMODULE_CORE,13
JEMALLOC_GLIBC_MALLOC_HOOK,13
__aarch64__,13
HAVE_SSE2,13
__sun,13
__HIREDIS_LIBEV_H__,12
LG_SIZEOF_INT,12
SYS_open,12
__X86_64__,12
BIG_ENDIAN64,12
luaall_c,12
__linux,12
_M_IX86,11
OPENSSL_VERSION_NUMBER,11
__ILP32__,11
LITTLE_ENDIAN,11
llimits_h,11
JEMALLOC_MALLOC_THREAD_CLEANUP,11
EV_MULTIPLICITY,11
JEMALLOC_INTERNAL_MALLOC_IO_H,11
__REDIS_H,11
JEMALLOC_INTERNAL_ATOMIC_H,10
unix,10
JEMALLOC_INTERNAL_UTIL_H,10
_WIN32_WINNT,10
JEMALLOC_IS_MALLOC,10
__unix,10
__sparc__,10
CPU_COUNT,10
__STDC_LIMIT_MACROS,10
JEMALLOC_INTERNAL_ATOMIC_GCC_SYNC_H,10
__STDC_VERSION__,10
RTREE_HEIGHT,10
TLS1_3_VERSION,10
__i386,10
__unix__,10
ULTRA_FAST,9
JEMALLOC_SYSCTL_VM_OVERCOMMIT,9
HAVE_PROC_STAT,9
JEMALLOC_GCC_ATOMIC_ATOMICS,9
__HIREDIS_H,9
STRICT_ALIGN,9
HDR_ATOMIC_H__,9
USE_TCMALLOC,9
JEMALLOC_INTERNAL_TSD_H,9
JEMALLOC_PROF,9
LG_SIZEOF_LONG,8
BIG_ENDIAN,8
UNALIGNED_LE_CPU,8
HW_MEMSIZE,8
HAVE_TASKINFO,8
HW_PHYSMEM64,8
__arm__,8
CTL_HW,8
_M_X64,8
__has_attribute,8
O_CLOEXEC,8
__GNUC_MINOR__,8
JEMALLOC_INTERNAL_PAGES_EXTERNS_H,8
_WIN32_HELPER_INCLUDE,8
LZF_USE_OFFSETS,7
__ATOMIC_VAR_H,7
__amd64,7
__GLIBC__,7
JEMALLOC_GCC_SYNC_ATOMICS,7
JEMALLOC_INTERNAL_TYPES_H,7
JEMALLOC_LAZY_LOCK,7
CKH_COUNT,7
VERY_FAST,7
JEMALLOC_TLS,7
LG_BITMAP_GROUP_NBITS,7
__HAIKU__,7
_REDIS_FMACRO_H,7
LG_BITMAP_MAXBITS,7
LLONG_MAX,7
RB_H_,6
JEMALLOC_INTERNAL_SIZE_H,6
JEMALLOC_PROF_LIBGCC,6
JEMALLOC_PURGE_MADVISE_DONTNEED,6
JEMALLOC_PURGE_MADVISE_DONTNEED_ZEROS,6
JEMALLOC_FILL,6
WIN32,6
lua_c,6
__ATOMIC_VAR_FORCE_SYNC_MACROS,6
HIREDIS_TEST_SSL,6
SYS_openat,6
__BYTE_ORDER,6
JEMALLOC_PURGE_MADVISE_FREE,6
HAVE_EVPORT,6
ULONG_MAX,6
SFMT_ALTI_H,6
__ATOMIC_SEQ_CST,6
strings_h,6
_STRUCT_X86_THREAD_STATE64,6
HAVE_DEFRAG,6
_GNU_SOURCE,6
PAGES_CAN_PURGE_FORCED,6
LUAI_BITSINT,6
PAGES_CAN_PURGE_LAZY,6
__ENDIANCONV_H,6
BSD,6
__arm64__,6
__arch64__,6
JEMALLOC_INTERNAL_PROF_EXTERNS_H,5
__QUICKLIST_H__,5
HIREDIS_SDS_H,5
JEMALLOC_INTERNAL_SPIN_H,5
_AIX,5
JEMALLOC_PROF_LIBUNWIND,5
JEMALLOC_BIG_ENDIAN,5
LUA_ANSI,5
HAVE_LIBSYSTEMD,5
__SOCKCOMPAT_H,5
JEMALLOC_INTERNAL_PROF_INLINES_A_H,5
__s390__,5
UINTPTR_MAX,5
_SC_PAGESIZE,5
__BIG_ENDIAN,5
_SC_PHYS_PAGES,5
JEMALLOC_PTHREAD_CREATE_WRAPPER,5
__LITTLE_ENDIAN,5
LUA_WIN,5
__ia64__,5
HIREDIS_ALLOC_H,5
__DICT_H,5
HAVE_PROC_SOMAXCONN,4
JEMALLOC_MADVISE_DONTDUMP,4
JEMALLOC_INTERNAL_PROF_STRUCTS_H,4
JEMALLOC_INTERNAL_PRNG_H,4
JEMALLOC_DSS,4
JEMALLOC_HAVE_MADVISE_HUGE,4
JEMALLOC_HAVE_CLOCK_MONOTONIC_COARSE,4
HAVE_EPOLL,4
__sparc,4
HAVE_SYSCTL_KIPC_SOMAXCONN,4
SYS_close,4
__native_client__,4
MEMTEST_32BIT,4
UINT_MAX,4
LONG_MAX,4
ZMALLOC_LIB,4
__BLOCKS__,4
SYS_write,4
__SDS_H,4
__STDC_NO_ATOMICS__,4
lauxlib_h,4
HIREDIS_USE_CRYPTO_LOCKS,4
USE_INTERNAL_FPCONV,4
LG_SIZEOF_LONG_LONG,4
JEMALLOC_PREFIX,4
BITS_32,4
HW_REALMEM,4
__ppc64__,4
RB_COMPACT,4
FRST,4
LUA_BUILD_AS_DLL,4
lzf_movsb,4
linux,4
HAVE_CLEARENV,4
RTREE_NSB,4
LUA_DL_DLOPEN,4
SIZE_MAX,4
JEMALLOC_INTERNAL_INLINES_A_H,4
USE_PROCESSOR_CLOCK,4
JEMALLOC_INTERNAL_ATOMIC_MSVC_H,4
CHECK_INPUT,4
__powerpc__,4
__SSE2__,4
HW_PHYSMEM,4
,3
USHRT_MAX,3
LUA_USE_ISATTY,3
REDISMODULE_ATTR_COMMON,3
LUA_NUMBER_LONGLONG,3
SFMT_PARAMS607_H,3
LUA_NUMBER_LONG,3
SFMT_PARAMS19937_H,3
__HIREDIS_READ_H,3
SFMT_PARAMS1279_H,3
SFMT_PARAMS4253_H,3
lopcodes_h,3
REDISMODULE_ATTR_UNUSED,3
SFMT_PARAMS11213_H,3
MADV_FREE,3
LUA_NUMBER_LONG_LONG,3
JEMALLOC_INTERNAL_SC_H,3
JEMALLOC_HAVE_CLOCK_MONOTONIC,3
INIT_HTAB,3
__apple_build_version__,3
__HIREDIS_SSL_H,3
AVOID_ERRNO,3
HAVE_SYSCTL_KERN_SOMAXCONN,3
SFMT_PARAMS132049_H,3
SFMT_PARAMS2281_H,3
SYS_read,3
lua_assert,3
USE_ALIGNED_ACCESS,3
HIREDIS_TEST_ASYNC,3
ANET_H,3
loslib_c,3
HAVE_PROC_SMAPS,3
JEMALLOC_INTERNAL_PROF_TYPES_H,3
__ppc__,3
LUA_DL_DLL,3
LUA_COMPAT_GETN,3
__HIREDIS_FMACRO_H,3
HAVE_ACCEPT4,3
JEMALLOC_MAPS_COALESCE,3
__CYGWIN__,3
JEMALLOC_HAVE_SECURE_GETENV,3
JEMALLOC_INTERNAL_HASH_H,3
NO_MALLOC_USABLE_SIZE,3
LZF_STATE_ARG,3
JEMALLOC_THREADED_INIT,3
LUA_CORE,3
SFMT_PARAMS216091_H,3
LUA_NUMBER_INT,3
__HIREDIS_ASYNC_H,3
INT_MAX-20,3
__LINENOISE_H,3
SFMT_PARAMS86243_H,3
LUA_COMPAT_LSTR,3
JEMALLOC_INTERNAL_BACKGROUND_THREAD_STRUCTS_H,3
JEMALLOC_INTERNAL_POPCOUNTL,3
INT_MAX,3
_M_ARM,3
JEMALLOC_HAVE_DLSYM,3
REDISMODULE_ATTR_PRINTF,3
HDR_HISTOGRAM_H,3
NO_SANITIZE,3
SFMT_PARAMS44497_H,3
NODUMP,3
JEMALLOC_INTERNAL_LOG_H,3
__ATOMIC_RELAXED,3
LUA_USE_POPEN,3
LUA_NUMBER_LLONG,3
__HIREDIS_LIBUV_H__,3
JEMALLOC_INTERNAL_DIV_H,3
DISABLE_INVALID_NUMBERS,3
SYNC_FILE_RANGE_WAIT_BEFORE,3
JEMALLOC_INTERNAL_WITNESS_H,3
__pnacl__,3
USE_MALLOC_USABLE_SIZE,3
SC_NTINY,3
SHA1HANDSOFF,3
JEMALLOC_HAVE_MACH_ABSOLUTE_TIME,3
_W64,3
_M_ARM64,3
GEOHASH_H_,3
TC_VERSION_MINOR,2
TC_VERSION_MAJOR,2
LUAC_TRUST_BINARIES,2
lundump_h,2
HI_SDS_TEST_MAIN,2
REDIS_TEST_VERBOSE,2
JEMALLOC_INTERNAL_TICKER_H,2
HAVE_SYNC_FILE_RANGE,2
JEMALLOC_INTERNAL_BACKGROUND_THREAD_EXTERNS_H,2
LUA_USELONGLONG,2
HAVE_CPU_SPINWAIT,2
SIZE_Bx,2
JEMALLOC_UTRACE,2
RAX_DEBUG_MSG,2
LUA_DEBUG,2
lua_h,2
HAVE_ATOMIC,2
LUA_USE_ULONGJMP,2
SWAPPED_DOUBLE,2
UV_VERSION_MINOR,2
stdbool_h,2
JEMALLOC_INTERNAL_CKH_H,2
JEMALLOC_HAVE_SCHED_SETAFFINITY,2
JEMALLOC_STRERROR_R_RETURNS_CHAR_WITH_GNU_SOURCE,2
__ELF__,2
USE_REP_MOVSB,2
LUA_NUMBER_FLOAT,2
JEMALLOC_INTERNAL_ARENA_EXTERNS_H,2
DBL_MANT_DIG,2
LG_SLAB_MAXREGS,2
LUA_USE_MKSTEMP,2
__PGI,2
LG_PAGE,2
CRC64_H,2
TLS_DEBUGGING,2
not_reached,2
JEMALLOC_OVERRIDE_MEMALIGN,2
_X86_,2
NDEBUG,2
LUA_COMPAT_VARARG,2
JEMALLOC_READLINKAT,2
JEMALLOC_HAS_ALLOCA_H,2
__REDIS_UTIL_H,2
QL_TEST_VERBOSE,2
JEMALLOC_VERSION_MINOR,2
HAVE_PROC_OOM_SCORE_ADJ,2
JEMALLOC_RETAIN,2
__alpha__,2
JEMALLOC_CACHE_OBLIVIOUS,2
_ZIPMAP_H,2
JEMALLOC_U8_ATOMICS,2
USE_SETPROCTITLE,2
JEMALLOC_ZONE,2
luaL_setn,2
LUA_USE_APICHECK,2
HAVE_PROC_MAPS,2
LG_VADDR,2
JEMALLOC_C11_ATOMICS,2
_ZIPLIST_H,2
assert_not_implemented,2
JEMALLOC_HAVE_PTHREAD_SETNAME_NP,2
ltable_h,2
UV_VERSION_PATCH,2
JEMALLOC_HAVE_SCHED_GETCPU,2
SHA1_H,2
LUA_DL_DYLD,2
LUA_LIB,2
assert,2
HAVE_KQUEUE,2
JEMALLOC_VERSION_MAJOR,2
LUAI_BITSINT-1,2
HAVE_PSINFO,2
JEMALLOC_LOG,2
UV_VERSION_MAJOR,2
not_implemented,2
HARDSTACKTESTS,2
JEMALLOC_HAVE_ATTR,2
JEMALLOC_INTERNAL_EXTENT_EXTERNS_H,2
__LISTPACK_H,2
_CRT_SPINCOUNT,2
JEMALLOC_OVERRIDE_VALLOC,2
JEMALLOC_STATS,2
LUA_USE_READLINE,2
COVERAGE_TEST,2
__midl,2
JEMALLOC_PROF_GCC,2
MAC_OS_X_VERSION_10_7,2
JEMALLOC_EXTRA_SIZE_CHECK,2
JEMALLOC_HAS_RESTRICT,2
__INTSET_H,2
lualib_h,2
__GNUG__,2
USE_CRYPTO_LOCKS,2
VM_OVERCOMMIT,2
JEMALLOC_INTERNAL_TSD_TLS_H,1
JEMALLOC_INTERNAL_FFSL,1
__riscv__,1
JEMALLOC_INTERNAL_ARENA_STRUCTS_B_H,1
__CLUSTER_H,1
luai_threadyield,1
__LOLWUT_H,1
__HIREDIS_GLIB_H__,1
__hp9000,1
lcode_h,1
__sparc64__,1
__m68k__,1
__REDIS_CONNECTION_H,1
__GLIBC_PREREQ,1
mc68000,1
SSL_OP_NO_COMPRESSION,1
__BIG_ENDIAN__,1
snprintf,1
JEMALLOC_INTERNAL_TSD_TYPES_H,1
JEMALLOC_OVERRIDE___LIBC_VALLOC,1
REDIS_RANDOM_H,1
SC_LG_TINY_MIN,1
_MIPSEL,1
__hp9000s300,1
__REDIS_HELP_H,1
RAX_H,1
LUA_USE_MACOSX,1
JEMALLOC_INTERNAL_UNREACHABLE,1
JEMALLOC_INTERNAL_EXTENT_MMAP_EXTERNS_H,1
__SLOWLOG_H__,1
JEMALLOC_INTERNAL_QL_H,1
JEMALLOC_INTERNAL_FFS,1
JEMALLOC_INTERNAL_QR_H,1
JEMALLOC_INTERNAL_ARENA_TYPES_H,1
__AE_H__,1
__SCRIPT_LUA_H_,1
__SH4_SINGLE_ONLY__,1
ns32000,1
SFMT_SSE2_H,1
LUA_USE_POSIX,1
sun386,1
lua_lock,1
JEMALLOC_INTERNAL_SMOOTHSTEP_H,1
JEMALLOC_INTERNAL_EXTENT_TYPES_H,1
JEMALLOC_INTERNAL_LARGE_EXTERNS_H,1
__HIREDIS_EXAMPLE_QT_H,1
LUA_USE_LINUX,1
JEMALLOC_INTERNAL_BASE_INLINES_H,1
LUA_COMPAT_LOADLIB,1
JEMALLOC_INTERNAL_MUTEX_POOL_H,1
JEMALLOC_OVERRIDE___LIBC_MEMALIGN,1
JEMALLOC_INTERNAL_EMITTER_H,1
MSVC_COMPAT_WINDOWS_EXTRA_H,1
__UCLIBC_HAS_BACKTRACE__,1
JEMALLOC_FRAG_HINT,1
ibm032,1
JEMALLOC_INTERNAL_CTL_H,1
__PQSORT_H,1
JEMALLOC_INTERNAL_BIN_H,1
JEMALLOC_INTERNAL_BIN_TYPES_H,1
JEMALLOC_HAVE_PTHREAD_ATFORK,1
__LATENCY_H,1
__STDC_CONSTANT_MACROS,1
WCHAR_MIN,1
lvm_h,1
UNSAFE_CRASH_REPORT,1
STRBUF_DEFAULT_SIZE,1
lstring_h,1
MAP_NORESERVE,1
INFINITY,1
_IBMR2,1
REDIS_NO_SANITIZE,1
PH_H_,1
ibm370,1
__TESTHELP_H,1
LUA_COMPAT_MOD,1
CKH_VERBOSE,1
SFMT_H,1
inline,1
MT19937_64_MAIN,1
__SPARKLINE_H,1
__HIREDIS_ASYNC_PRIVATE_H,1
__HIREDIS_LIBEVENT_H__,1
MIPSEB,1
__FreeBSD_kernel__,1
MIPSEL,1
JEMALLOC_INTERNAL_INCLUDES_H,1
_DTRACE_VERSION,1
REDIS_SOCKCOMPAT_IMPLEMENTATION,1
JEMALLOC_INTERNAL_EXTENT_STRUCTS_H,1
JEMALLOC_GLIBC_MEMALIGN_HOOK,1
__HIREDIS_QT_H__,1
USE_BACKTRACE,1
__REDIS_CONNHELPERS_H,1
CJSON_VERSION,1
MISSING_ISINF,1
JEMALLOC_INTERNAL_TSD_MALLOC_THREAD_CLEANUP_H,1
__MONOTONIC_H,1
UNUSED,1
SETPROCTITLE_TEST_MAIN,1
JEMALLOC_INTERNAL_TEST_HOOKS_H,1
SSL_OP_NO_CLIENT_RENEGOTIATION,1
__sparcv9,1
JEMALLOC_INTERNAL_CACHE_BIN_H,1
__NR_write,1
CONSTANTS,1
JEMALLOC_INTERNAL_NSTIME_H,1
__riscv,1
LUA_COMPAT_GFIND,1
JEMALLOC_INTERNAL_ARENA_INLINES_B_H,1
JEMALLOC_INTERNAL_STATS_H,1
ldebug_h,1
BIT_ZERO_ON_LEFT,1
JEMALLOC_OVERRIDE___LIBC_REALLOC,1
__RDB_H,1
vax,1
JEMALLOC_INTERNAL_SAFETY_CHECK_H,1
strcasecmp,1
JEMALLOC_OVERRIDE___LIBC_FREE,1
CRCSPEED_H,1
JEMALLOC_INTERNAL_TCACHE_EXTERNS_H,1
JEMALLOC_INTERNAL_MUTEX_PROF_H,1
__REDIS_ASSERT_H__,1
lapi_h,1
PR_SET_THP_DISABLE,1
__nios2__,1
LISTPACK_ALLOC_H,1
__FUNCTIONS_H_,1
SIPHASH_TEST,1
STREAM_H,1
JEMALLOC_INTERNAL_BACKGROUND_THREAD_INLINES_H,1
sel,1
__SDS_ALLOC_H__,1
__le32__,1
ARENA_RESET_PROF_C_,1
pyr,1
PAGE_MASK,1
 6)))",1
__GEO_H__,1
JEMALLOC_INTERNAL_EXTENT_DSS_H,1
luac_c,1
__SCRIPT_H_,1
ldo_h,1
JEMALLOC_INTERNAL_EXTENT_INLINES_H,1
strncasecmp,1
REDIS_TEST_MAIN,1
_MIPSEB,1
__hppa__,1
MINSTRTABSIZE,1
RAX_MALLOC_INCLUDE,1
LUA_COMPAT_OPENLIB,1
LUA_USER_H,1
REDISMODULE_ATTR,1
JEMALLOC_OVERRIDE___LIBC_CALLOC,1
lgc_h,1
SSIZE_MAX,1
USE_INTERNAL_ISINF,1
CJSON_MODNAME,1
lfunc_h,1
__arm,1
__DECONST,1
SRC_CALL_REPLY_H_,1
SSL_OP_NO_TLSv1_3,1
SSL_OP_NO_TLSv1_2,1
JEMALLOC_INTERNAL_ARENA_INLINES_A_H,1
RUSAGE_THREAD,1
__MT19937_64_H,1
__BIO_H,1
_CRAY,1
JEMALLOC_INTERNAL_TCACHE_TYPES_H,1
SIZE_T_MAX,1
JEMALLOC_VERSION_GID_IDENT,1
__STRICT_ANSI__,1
HDR_ALLOC_H,1
__NET_H,1
MAP_EXCL,1
SSL_OP_DONT_INSERT_EMPTY_FRAGMENTS,1
JEMALLOC_INTERNAL_TSD_GENERIC_H,1
LUA_USE_DLOPEN,1
sparc,1
JEMALLOC_ALLOC_JUNK,1
SA_ONSTACK,1
__convex__,1
JEMALLOC_EXPERIMENTAL_SMALLOCX_API,1
JEMALLOC_INTERNAL_BASE_STRUCTS_H,1
RTREE_NHIB,1
tahoe,1
STANDALONE,1
JEMALLOC_INTERNAL_ATOMIC_C11_H,1
JEMALLOC_INTERNAL_BIN_STATS_H,1
STRBUF_DEFAULT_INCREMENT,1
JEMALLOC_INTERNAL_ATOMIC_GCC_ATOMIC_H,1
__SH4__,1
JEMALLOC_INTERNAL_HOOK_H,1
LUACMSGPACK_MAX_NESTING,1
cast,1
__or1k__,1
__hp9000s700,1
__SH4_SINGLE__,1
LZF_H,1
SPT_MAXTITLE,1
SHA256_H,1
SSL_CTX_set_ecdh_auto,1
__HIREDIS_IVYKIS_H__,1
JEMALLOC_GCC_U8_ATOMIC_ATOMICS,1
JEMALLOC_GCC_U8_SYNC_ATOMICS,1
REDISMODULE_API,1
LOCALTIME_TEST_MAIN,1
__HIREDIS_MACOSX_H__,1
JEMALLOC_UNIT_TEST,1
JEMALLOC_INTERNAL_PROF_INLINES_B_H,1
lobject_h,1
va_copy,1
SPT_MIN,1
__REDIS_RIO_H,1
RAX_ALLOC_H,1
HLOG,1
SC_NBINS,1
DEFAULT_ENCODE_KEEP_BUFFER,1
__UCLIBC__,1
__hppa,1
lstate_h,1
JEMALLOC_INTERNAL_TSD_WIN_H,1
__CLICOMMON_H,1
static_assert,1
JEMALLOC_INTERNAL_INLINES_C_H,1
JEMALLOC_INTERNAL_FFSLL,1
lparser_h,1
read,1
GEOHASH_HELPER_HPP_,1
JEMALLOC_FREE_JUNK,1
JEMALLOC_INTERNAL_BASE_TYPES_H,1
ENABLE_CJSON_GLOBAL,1
__ADLIST_H__,1
lmem_h,1
__sparc_v9__,1
cassert,1
JEMALLOC_INTERNAL_TCACHE_INLINES_H,1
DGUX,1
SOMAXCONN,1
LUA_MINBUFFER,1
m68k,1
JEMALLOC_INTERNAL_EXTERNS_H,1
HIREDIS_SDS_COMPAT,1
STRUCT_INT,1
_REDIS_DEBUGMACRO_H_,1
_CRC16_TABLE_H__,1
JEMALLOC_OVERRIDE___POSIX_MEMALIGN,1
lzio_h,1
__tile__,1
LIBRESSL_VERSION_NUMBER,1
JEMALLOC_INTERNAL_BASE_EXTERNS_H,1
JEMALLOC_OVERRIDE___LIBC_MALLOC,1
REDIS_STATIC,1
apollo,1
JEMALLOC_HAVE_ISSETUGID,1
JEMALLOC_INTERNAL_TCACHE_STRUCTS_H,1
INIT_SETPROCTITLE_REPLACEMENT,1
SRC_RESP_PARSER_H_,1
__mips__,1
WCHAR_MAX,1
llex_h,1
JEMALLOC_INTERNAL_SEQ_H,1
JEMALLOC_INTERNAL_RTREE_CTX_H,1
__alpha,1
__SH3E__,1
JEMALLOC_INTERNAL_INLINES_B_H,1
isinf,1
__HIREDIS_AE_H__,1
JEMALLOC_INTERNAL_ARENA_STRUCTS_A_H,1
BIT_ZERO_ON_RIGHT,1
is68k,1
offsetof,1
ltm_h,1
