name,url,default_branch,stars
apache/dubbo,https://github.com/apache/dubbo,master,30931
apache/kafka,https://github.com/apache/kafka,trunk,14746
apache/skywalking,https://github.com/apache/skywalking,master,12129
apache/flink,https://github.com/apache/flink,master,11954
apache/rocketmq,https://github.com/apache/rocketmq,master,10127
apache/hadoop,https://github.com/apache/hadoop,trunk,10055
apache/incubator-shardingsphere,https://github.com/apache/incubator-shardingsphere,dev,9729
apache/druid,https://github.com/apache/druid,master,9098
apache/zookeeper,https://github.com/apache/zookeeper,master,7593
apache/storm,https://github.com/apache/storm,master,5982
apache/cassandra,https://github.com/apache/cassandra,trunk,5704
apache/pulsar,https://github.com/apache/pulsar,master,4973
apache/zeppelin,https://github.com/apache/zeppelin,master,4542
apache/dubbo-spring-boot-project,https://github.com/apache/dubbo-spring-boot-project,master,4212
apache/tomcat,https://github.com/apache/tomcat,master,4169
apache/jmeter,https://github.com/apache/jmeter,master,3793
apache/beam,https://github.com/apache/beam,master,3660
apache/groovy,https://github.com/apache/groovy,master,3547
apache/incubator-heron,https://github.com/apache/incubator-heron,master,3434
apache/incubator-dolphinscheduler,https://github.com/apache/incubator-dolphinscheduler,dev,3369
apache/hbase,https://github.com/apache/hbase,master,3335
apache/lucene-solr,https://github.com/apache/lucene-solr,master,3225
apache/camel,https://github.com/apache/camel,master,3065
apache/hive,https://github.com/apache/hive,master,2956
apache/ignite,https://github.com/apache/ignite,master,2955
apache/cordova-android,https://github.com/apache/cordova-android,master,2857
apache/shiro,https://github.com/apache/shiro,master,2822
apache/kylin,https://github.com/apache/kylin,master,2529
apache/rocketmq-externals,https://github.com/apache/rocketmq-externals,master,2453
apache/incubator-pinot,https://github.com/apache/incubator-pinot,master,2445
apache/dubbo-admin,https://github.com/apache/dubbo-admin,develop,2390
apache/nutch,https://github.com/apache/nutch,master,2030
apache/maven,https://github.com/apache/maven,master,1989
apache/curator,https://github.com/apache/curator,master,1962
apache/flume,https://github.com/apache/flume,trunk,1899
apache/nifi,https://github.com/apache/nifi,master,1872
apache/commons-lang,https://github.com/apache/commons-lang,master,1831
apache/mahout,https://github.com/apache/mahout,master,1768
apache/geode,https://github.com/apache/geode,develop,1707
apache/calcite,https://github.com/apache/calcite,master,1676
apache/incubator-gobblin,https://github.com/apache/incubator-gobblin,master,1675
apache/activemq,https://github.com/apache/activemq,master,1662
apache/servicecomb-pack,https://github.com/apache/servicecomb-pack,master,1639
apache/servicecomb-java-chassis,https://github.com/apache/servicecomb-java-chassis,master,1524
apache/avro,https://github.com/apache/avro,master,1468
apache/drill,https://github.com/apache/drill,master,1334
apache/ambari,https://github.com/apache/ambari,trunk,1251
apache/netbeans,https://github.com/apache/netbeans,master,1243
apache/pdfbox,https://github.com/apache/pdfbox,trunk,1039
apache/tinkerpop,https://github.com/apache/tinkerpop,master,1020
apache/parquet-mr,https://github.com/apache/parquet-mr,master,997
apache/struts,https://github.com/apache/struts,master,992
apache/usergrid,https://github.com/apache/usergrid,master,975
apache/incubator-hudi,https://github.com/apache/incubator-hudi,master,946
apache/tika,https://github.com/apache/tika,master,942
apache/dubbo-samples,https://github.com/apache/dubbo-samples,master,938
apache/poi,https://github.com/apache/poi,trunk,903
apache/httpcomponents-client,https://github.com/apache/httpcomponents-client,master,898
apache/opennlp,https://github.com/apache/opennlp,master,886
apache/logging-log4j2,https://github.com/apache/logging-log4j2,master,877
apache/bookkeeper,https://github.com/apache/bookkeeper,master,870
apache/cloudstack,https://github.com/apache/cloudstack,master,826
apache/rocketmq-spring,https://github.com/apache/rocketmq-spring,master,809
apache/systemml,https://github.com/apache/systemml,master,794
apache/accumulo,https://github.com/apache/accumulo,master,777
apache/phoenix,https://github.com/apache/phoenix,master,751
apache/mina,https://github.com/apache/mina,trunk,729
apache/metron,https://github.com/apache/metron,master,716
apache/incubator-shardingsphere-example,https://github.com/apache/incubator-shardingsphere-example,dev,704
apache/log4j,https://github.com/apache/log4j,trunk,691
apache/ofbiz,https://github.com/apache/ofbiz,trunk,679
apache/sqoop,https://github.com/apache/sqoop,trunk,673
apache/commons-io,https://github.com/apache/commons-io,master,653
apache/aurora,https://github.com/apache/aurora,master,623
apache/parquet-format,https://github.com/apache/parquet-format,master,623
apache/cxf,https://github.com/apache/cxf,master,619
apache/samza,https://github.com/apache/samza,master,614
apache/jena,https://github.com/apache/jena,master,612
apache/incubator-datasketches-java,https://github.com/apache/incubator-datasketches-java,master,601
apache/pig,https://github.com/apache/pig,trunk,596
apache/guacamole-client,https://github.com/apache/guacamole-client,master,574
apache/griffin,https://github.com/apache/griffin,master,552
apache/activemq-artemis,https://github.com/apache/activemq-artemis,master,549
apache/oozie,https://github.com/apache/oozie,master,542
apache/giraph,https://github.com/apache/giraph,trunk,538
apache/freemarker,https://github.com/apache/freemarker,2.3-gae,528
apache/isis,https://github.com/apache/isis,master,516
apache/servicecomb-saga-actuator,https://github.com/apache/servicecomb-saga-actuator,master,506
apache/wicket,https://github.com/apache/wicket,master,502
apache/servicecomb-toolkit,https://github.com/apache/servicecomb-toolkit,master,485
apache/servicecomb-samples,https://github.com/apache/servicecomb-samples,master,483
apache/servicecomb-fence,https://github.com/apache/servicecomb-fence,master,473
apache/karaf,https://github.com/apache/karaf,master,454
apache/atlas,https://github.com/apache/atlas,master,447
apache/incubator-iotdb,https://github.com/apache/incubator-iotdb,master,447
apache/commons-collections,https://github.com/apache/commons-collections,master,400
apache/eagle,https://github.com/apache/eagle,master,389
apache/fineract,https://github.com/apache/fineract,develop,377
apache/james-project,https://github.com/apache/james-project,master,362
apache/struts-examples,https://github.com/apache/struts-examples,master,361
apache/apex-core,https://github.com/apache/apex-core,master,343
apache/bigtop,https://github.com/apache/bigtop,master,320
apache/ranger,https://github.com/apache/ranger,master,319
apache/tomee,https://github.com/apache/tomee,master,317
apache/incubator-iceberg,https://github.com/apache/incubator-iceberg,master,314
apache/commons-math,https://github.com/apache/commons-math,master,312
apache/commons-pool,https://github.com/apache/commons-pool,master,296
apache/jackrabbit-oak,https://github.com/apache/jackrabbit-oak,trunk,291
apache/felix,https://github.com/apache/felix,trunk,275
apache/openmeetings,https://github.com/apache/openmeetings,master,269
apache/ant,https://github.com/apache/ant,master,260
apache/tez,https://github.com/apache/tez,master,254
apache/archiva,https://github.com/apache/archiva,master,250
apache/maven-surefire,https://github.com/apache/maven-surefire,master,249
apache/incubator-hivemall,https://github.com/apache/incubator-hivemall,master,248
apache/bahir-flink,https://github.com/apache/bahir-flink,master,247
apache/helix,https://github.com/apache/helix,master,241
apache/jackrabbit,https://github.com/apache/jackrabbit,trunk,241
apache/maven-plugins,https://github.com/apache/maven-plugins,trunk,240
apache/commons-codec,https://github.com/apache/commons-codec,master,238
apache/mina-sshd,https://github.com/apache/mina-sshd,master,236
apache/incubator-ratis,https://github.com/apache/incubator-ratis,master,226
apache/commons-dbutils,https://github.com/apache/commons-dbutils,master,226
apache/commons-dbcp,https://github.com/apache/commons-dbcp,master,219
apache/incubator-retired-gossip,https://github.com/apache/incubator-retired-gossip,master,218
apache/incubator-samoa,https://github.com/apache/incubator-samoa,master,217
apache/derby,https://github.com/apache/derby,trunk,204
apache/cayenne,https://github.com/apache/cayenne,master,202
apache/httpcomponents-core,https://github.com/apache/httpcomponents-core,master,199
apache/commons-imaging,https://github.com/apache/commons-imaging,master,194
apache/velocity-engine,https://github.com/apache/velocity-engine,trunk,194
apache/ofbiz-framework,https://github.com/apache/ofbiz-framework,trunk,187
apache/submarine,https://github.com/apache/submarine,master,184
apache/commons-csv,https://github.com/apache/commons-csv,master,183
apache/incubator-retired-edgent,https://github.com/apache/incubator-retired-edgent,develop,179
apache/commons-cli,https://github.com/apache/commons-cli,master,172
apache/dubbo-rpc-jsonrpc,https://github.com/apache/dubbo-rpc-jsonrpc,master,165
apache/asterixdb,https://github.com/apache/asterixdb,master,164
apache/commons-beanutils,https://github.com/apache/commons-beanutils,master,161
apache/plc4x,https://github.com/apache/plc4x,develop,158
apache/distributedlog,https://github.com/apache/distributedlog,master,154
apache/commons-text,https://github.com/apache/commons-text,master,154
apache/attic-stratos,https://github.com/apache/attic-stratos,master,153
apache/incubator-retired-wave,https://github.com/apache/incubator-retired-wave,master,152
apache/oltu,https://github.com/apache/oltu,trunk,152
apache/incubator-myriad,https://github.com/apache/incubator-myriad,master,149
apache/fluo,https://github.com/apache/fluo,master,144
apache/hadoop-common,https://github.com/apache/hadoop-common,trunk,144
apache/dubbo-proxy,https://github.com/apache/dubbo-proxy,master,143
apache/incubator-brooklyn,https://github.com/apache/incubator-brooklyn,master,141
apache/commons-compress,https://github.com/apache/commons-compress,master,138
apache/activemq-apollo,https://github.com/apache/activemq-apollo,trunk,136
apache/apex-malhar,https://github.com/apache/apex-malhar,master,132
apache/hama,https://github.com/apache/hama,master,127
apache/metamodel,https://github.com/apache/metamodel,master,126
apache/deltaspike,https://github.com/apache/deltaspike,master,124
apache/hadoop-hdfs,https://github.com/apache/hadoop-hdfs,trunk,122
apache/servicemix,https://github.com/apache/servicemix,master,121
apache/tajo,https://github.com/apache/tajo,master,121
apache/commons-fileupload,https://github.com/apache/commons-fileupload,master,119
apache/commons-net,https://github.com/apache/commons-net,master,116
apache/qpid,https://github.com/apache/qpid,trunk,114
apache/stanbol,https://github.com/apache/stanbol,trunk,113
apache/tomcat-maven-plugin,https://github.com/apache/tomcat-maven-plugin,trunk,113
apache/tomcat80,https://github.com/apache/tomcat80,trunk,109
apache/commons-validator,https://github.com/apache/commons-validator,master,108
apache/predictionio-sdk-java,https://github.com/apache/predictionio-sdk-java,develop,108
apache/incubator-streampipes,https://github.com/apache/incubator-streampipes,dev,105
apache/commons-bcel,https://github.com/apache/commons-bcel,master,104
apache/xmlgraphics-batik,https://github.com/apache/xmlgraphics-batik,trunk,104
apache/commons-vfs,https://github.com/apache/commons-vfs,master,103
apache/syncope,https://github.com/apache/syncope,master,102
apache/xmlgraphics-fop,https://github.com/apache/xmlgraphics-fop,trunk,101
apache/pulsar-manager,https://github.com/apache/pulsar-manager,master,100
apache/tiles,https://github.com/apache/tiles,trunk,99
apache/crunch,https://github.com/apache/crunch,master,98
apache/commons-configuration,https://github.com/apache/commons-configuration,master,97
apache/attic-whirr,https://github.com/apache/attic-whirr,trunk,96
apache/incubator-retired-htrace,https://github.com/apache/incubator-retired-htrace,master,95
apache/falcon,https://github.com/apache/falcon,master,95
apache/incubator-atlas,https://github.com/apache/incubator-atlas,master,95
apache/incubator-crail,https://github.com/apache/incubator-crail,master,94
apache/olingo-odata4,https://github.com/apache/olingo-odata4,master,94
apache/unomi,https://github.com/apache/unomi,master,94
apache/knox,https://github.com/apache/knox,master,92
apache/sentry,https://github.com/apache/sentry,master,91
apache/calcite-avatica,https://github.com/apache/calcite-avatica,master,89
apache/gora,https://github.com/apache/gora,master,89
apache/samza-hello-samza,https://github.com/apache/samza-hello-samza,master,88
apache/rya,https://github.com/apache/rya,master,88
apache/aries,https://github.com/apache/aries,trunk,87
apache/nifi-minifi,https://github.com/apache/nifi-minifi,master,87
apache/roller,https://github.com/apache/roller,master,87
apache/maven-archetype,https://github.com/apache/maven-archetype,master,84
apache/reef,https://github.com/apache/reef,master,84
apache/mnemonic,https://github.com/apache/mnemonic,master,84
apache/hadoop-mapreduce,https://github.com/apache/hadoop-mapreduce,trunk,83
apache/attic-polygene-java,https://github.com/apache/attic-polygene-java,master,83
apache/tapestry-5,https://github.com/apache/tapestry-5,master,82
apache/royale-compiler,https://github.com/apache/royale-compiler,develop,82
apache/joshua,https://github.com/apache/joshua,master,81
apache/commons-logging,https://github.com/apache/commons-logging,master,80
apache/incubator-datasketches-memory,https://github.com/apache/incubator-datasketches-memory,master,77
apache/httpasyncclient,https://github.com/apache/httpasyncclient,trunk,75
apache/openjpa,https://github.com/apache/openjpa,master,74
apache/incubator-retired-slider,https://github.com/apache/incubator-retired-slider,develop,74
apache/nifi-registry,https://github.com/apache/nifi-registry,master,71
apache/datafu,https://github.com/apache/datafu,master,71
apache/commons-email,https://github.com/apache/commons-email,master,71
apache/directory-kerby,https://github.com/apache/directory-kerby,trunk,70
apache/chukwa,https://github.com/apache/chukwa,master,70
apache/commons-jexl,https://github.com/apache/commons-jexl,master,68
apache/shindig,https://github.com/apache/shindig,trunk,66
apache/commons-jcs,https://github.com/apache/commons-jcs,master,65
apache/streams,https://github.com/apache/streams,master,65
apache/maven-scm,https://github.com/apache/maven-scm,master,65
apache/jclouds,https://github.com/apache/jclouds,master,65
apache/incubator-tubemq,https://github.com/apache/incubator-tubemq,master,64
apache/airavata,https://github.com/apache/airavata,master,64
apache/hbase-operator-tools,https://github.com/apache/hbase-operator-tools,master,63
apache/jspwiki,https://github.com/apache/jspwiki,master,63
apache/manifoldcf,https://github.com/apache/manifoldcf,trunk,62
apache/directory-server,https://github.com/apache/directory-server,master,62
apache/commons-crypto,https://github.com/apache/commons-crypto,master,62
apache/commons-exec,https://github.com/apache/commons-exec,master,61
apache/sis,https://github.com/apache/sis,master,61
apache/incubator-retired-pirk,https://github.com/apache/incubator-retired-pirk,master,60
apache/twill,https://github.com/apache/twill,master,60
apache/incubator-nemo,https://github.com/apache/incubator-nemo,master,58
apache/lens,https://github.com/apache/lens,master,57
apache/incubator-tez,https://github.com/apache/incubator-tez,master,57
apache/ctakes,https://github.com/apache/ctakes,trunk,57
apache/ftpserver,https://github.com/apache/ftpserver,trunk,56
apache/rocketmq-exporter,https://github.com/apache/rocketmq-exporter,master,56
apache/juneau,https://github.com/apache/juneau,master,56
apache/hcatalog,https://github.com/apache/hcatalog,trunk,56
apache/dubbo-kubernetes,https://github.com/apache/dubbo-kubernetes,master,55
apache/phoenix-omid,https://github.com/apache/phoenix-omid,master,54
apache/harmony,https://github.com/apache/harmony,trunk,53
apache/geode-examples,https://github.com/apache/geode-examples,master,52
apache/maven-release,https://github.com/apache/maven-release,master,52
apache/directmemory,https://github.com/apache/directmemory,trunk,52
apache/oodt,https://github.com/apache/oodt,master,51
apache/maven-compiler-plugin,https://github.com/apache/maven-compiler-plugin,master,51
apache/hadoop-ozone,https://github.com/apache/hadoop-ozone,master,49
apache/axis2-java,https://github.com/apache/axis2-java,trunk,49
apache/qpid-jms,https://github.com/apache/qpid-jms,master,49
apache/commons-ognl,https://github.com/apache/commons-ognl,master,48
apache/openwebbeans-meecrowave,https://github.com/apache/openwebbeans-meecrowave,master,47
apache/dubbo-sentinel-support,https://github.com/apache/dubbo-sentinel-support,master,47
apache/directory-studio,https://github.com/apache/directory-studio,master,46
apache/marmotta,https://github.com/apache/marmotta,master,44
apache/camel-quarkus,https://github.com/apache/camel-quarkus,master,44
apache/ode,https://github.com/apache/ode,master,44
apache/maven-indexer,https://github.com/apache/maven-indexer,master,44
apache/ant-ivy,https://github.com/apache/ant-ivy,master,43
apache/incubator-tamaya,https://github.com/apache/incubator-tamaya,master,43
apache/openwebbeans,https://github.com/apache/openwebbeans,master,42
apache/maven-enforcer,https://github.com/apache/maven-enforcer,master,42
apache/flink-playgrounds,https://github.com/apache/flink-playgrounds,master,40
apache/chemistry-opencmis,https://github.com/apache/chemistry-opencmis,trunk,40
apache/flex-blazeds,https://github.com/apache/flex-blazeds,master,39
apache/incubator-tuweni,https://github.com/apache/incubator-tuweni,master,39
apache/maven-shade-plugin,https://github.com/apache/maven-shade-plugin,master,39
apache/incubator-retired-s4,https://github.com/apache/incubator-retired-s4,piper,37
apache/attic-mrunit,https://github.com/apache/attic-mrunit,trunk,37
apache/myfaces,https://github.com/apache/myfaces,master,37
apache/odftoolkit,https://github.com/apache/odftoolkit,trunk,36
apache/cordova-plugin-compat,https://github.com/apache/cordova-plugin-compat,master,36
apache/incubator-sentry,https://github.com/apache/incubator-sentry,master,36
apache/clerezza,https://github.com/apache/clerezza,master,35
apache/servicemix-bundles,https://github.com/apache/servicemix-bundles,master,34
apache/incubator-retired-blur,https://github.com/apache/incubator-retired-blur,master,34
apache/predictionio-template-java-ecom-recommender,https://github.com/apache/predictionio-template-java-ecom-recommender,master,34
apache/karaf-cellar,https://github.com/apache/karaf-cellar,master,33
apache/uima-uimaj,https://github.com/apache/uima-uimaj,master,33
apache/olingo-odata2,https://github.com/apache/olingo-odata2,master,32
apache/johnzon,https://github.com/apache/johnzon,master,32
apache/freemarker-online-tester,https://github.com/apache/freemarker-online-tester,master,32
apache/commons-chain,https://github.com/apache/commons-chain,master,31
apache/maven-wagon,https://github.com/apache/maven-wagon,master,31
apache/sanselan,https://github.com/apache/sanselan,trunk,31
apache/maven-dependency-plugin,https://github.com/apache/maven-dependency-plugin,master,31
apache/xmlbeans,https://github.com/apache/xmlbeans,trunk,31
apache/sling-org-apache-sling-app-cms,https://github.com/apache/sling-org-apache-sling-app-cms,master,30
apache/uima-ruta,https://github.com/apache/uima-ruta,trunk,30
apache/opennlp-sandbox,https://github.com/apache/opennlp-sandbox,master,30
apache/incubator-retired-horn,https://github.com/apache/incubator-retired-horn,master,30
apache/synapse,https://github.com/apache/synapse,master,29
apache/james-mime4j,https://github.com/apache/james-mime4j,master,29
apache/maven-shared,https://github.com/apache/maven-shared,trunk,28
apache/incubator-datasketches-hive,https://github.com/apache/incubator-datasketches-hive,master,27
apache/velocity-tools,https://github.com/apache/velocity-tools,trunk,27
apache/maven-resolver,https://github.com/apache/maven-resolver,master,26
apache/geronimo,https://github.com/apache/geronimo,trunk,26
apache/commons-digester,https://github.com/apache/commons-digester,master,26
apache/ace,https://github.com/apache/ace,trunk,26
apache/phoenix-tephra,https://github.com/apache/phoenix-tephra,master,26
apache/commons-numbers,https://github.com/apache/commons-numbers,master,25
apache/cxf-dosgi,https://github.com/apache/cxf-dosgi,master,25
apache/incubator-dlab,https://github.com/apache/incubator-dlab,master,25
apache/qpid-broker-j,https://github.com/apache/qpid-broker-j,master,25
apache/bval,https://github.com/apache/bval,master,25
apache/maven-assembly-plugin,https://github.com/apache/maven-assembly-plugin,master,24
apache/accumulo-examples,https://github.com/apache/accumulo-examples,master,24
apache/brooklyn-server,https://github.com/apache/brooklyn-server,master,24
apache/directory-fortress-core,https://github.com/apache/directory-fortress-core,master,24
apache/commons-rdf,https://github.com/apache/commons-rdf,master,24
apache/dubbo-benchmark,https://github.com/apache/dubbo-benchmark,master,24
apache/jackrabbit-filevault,https://github.com/apache/jackrabbit-filevault,trunk,24
apache/maven-jlink-plugin,https://github.com/apache/maven-jlink-plugin,master,23
apache/santuario-java,https://github.com/apache/santuario-java,trunk,23
apache/incubator-tajo,https://github.com/apache/incubator-tajo,master,23
apache/empire-db,https://github.com/apache/empire-db,master,23
apache/uima-uimafit,https://github.com/apache/uima-uimafit,master,23
apache/xerces2-j,https://github.com/apache/xerces2-j,trunk,22
apache/tuscany-sca-2.x,https://github.com/apache/tuscany-sca-2.x,trunk,21
apache/sling-whiteboard,https://github.com/apache/sling-whiteboard,master,21
apache/pivot,https://github.com/apache/pivot,trunk,21
apache/maven-checkstyle-plugin,https://github.com/apache/maven-checkstyle-plugin,master,21
apache/portals-pluto,https://github.com/apache/portals-pluto,master,21
apache/camel-kafka-connector,https://github.com/apache/camel-kafka-connector,master,20
apache/commons-scxml,https://github.com/apache/commons-scxml,master,20
apache/struts1,https://github.com/apache/struts1,trunk,20
apache/maven-javadoc-plugin,https://github.com/apache/maven-javadoc-plugin,master,20
apache/maven-plugin-tools,https://github.com/apache/maven-plugin-tools,master,20
apache/qpid-proton-j,https://github.com/apache/qpid-proton-j,master,20
apache/cordova-amazon-fireos,https://github.com/apache/cordova-amazon-fireos,master,20
apache/xalan-j,https://github.com/apache/xalan-j,trunk,20
apache/commons-proxy,https://github.com/apache/commons-proxy,master,19
apache/servicemix4-bundles,https://github.com/apache/servicemix4-bundles,trunk,18
apache/attic-wink,https://github.com/apache/attic-wink,trunk,18
apache/incubator-taverna-language,https://github.com/apache/incubator-taverna-language,master,18
apache/dubbo-hessian-lite,https://github.com/apache/dubbo-hessian-lite,master,18
apache/vxquery,https://github.com/apache/vxquery,master,18
apache/commons-rng,https://github.com/apache/commons-rng,master,18
apache/maven-deploy-plugin,https://github.com/apache/maven-deploy-plugin,master,18
apache/james-hupa,https://github.com/apache/james-hupa,trunk,16
apache/maven-integration-testing,https://github.com/apache/maven-integration-testing,master,16
apache/axis1-java,https://github.com/apache/axis1-java,trunk,16
apache/dubbo-async-processor,https://github.com/apache/dubbo-async-processor,master,16
apache/maven-war-plugin,https://github.com/apache/maven-war-plugin,master,16
apache/lenya,https://github.com/apache/lenya,trunk,16
apache/maven-jar-plugin,https://github.com/apache/maven-jar-plugin,master,15
apache/cocoon,https://github.com/apache/cocoon,trunk,15
apache/abdera,https://github.com/apache/abdera,trunk,15
apache/james-jdkim,https://github.com/apache/james-jdkim,master,15
apache/ddlutils,https://github.com/apache/ddlutils,trunk,15
apache/maven-doxia,https://github.com/apache/maven-doxia,master,15
apache/sling-samples,https://github.com/apache/sling-samples,master,15
apache/incubator-retired-mrql,https://github.com/apache/incubator-retired-mrql,master,15
apache/activemq-protobuf,https://github.com/apache/activemq-protobuf,trunk,15
apache/logging-log4j-audit,https://github.com/apache/logging-log4j-audit,master,15
apache/cxf-fediz,https://github.com/apache/cxf-fediz,master,15
apache/fineract-cn-mobile,https://github.com/apache/fineract-cn-mobile,development,15
apache/asterixdb-hyracks,https://github.com/apache/asterixdb-hyracks,master,14
apache/servicemix4-features,https://github.com/apache/servicemix4-features,trunk,14
apache/etch,https://github.com/apache/etch,trunk,14
apache/geronimo-specs,https://github.com/apache/geronimo-specs,trunk,14
apache/commons-statistics,https://github.com/apache/commons-statistics,master,14
apache/incubator-weex-playground,https://github.com/apache/incubator-weex-playground,master,14
apache/attic-rave,https://github.com/apache/attic-rave,master,14
apache/netbeans-html4j,https://github.com/apache/netbeans-html4j,master,14
apache/rocketmq-ons,https://github.com/apache/rocketmq-ons,master,14
apache/commons-jxpath,https://github.com/apache/commons-jxpath,master,13
apache/maven-pmd-plugin,https://github.com/apache/maven-pmd-plugin,master,13
apache/maven-clean-plugin,https://github.com/apache/maven-clean-plugin,master,13
apache/directory-ldap-api,https://github.com/apache/directory-ldap-api,master,13
apache/log4j-extras,https://github.com/apache/log4j-extras,trunk,13
apache/incubator-retired-openaz,https://github.com/apache/incubator-retired-openaz,master,13
apache/incubator-taverna-mobile,https://github.com/apache/incubator-taverna-mobile,master,13
apache/dubbo-feature-test,https://github.com/apache/dubbo-feature-test,master,13
apache/fineract-cn-demo-server,https://github.com/apache/fineract-cn-demo-server,develop,13
apache/brooklyn-library,https://github.com/apache/brooklyn-library,master,12
apache/commons-bsf,https://github.com/apache/commons-bsf,master,12
apache/ambari-metrics,https://github.com/apache/ambari-metrics,master,12
apache/cassandra-sidecar,https://github.com/apache/cassandra-sidecar,master,12
apache/aries-jax-rs-whiteboard,https://github.com/apache/aries-jax-rs-whiteboard,master,12
apache/camel-k-runtime,https://github.com/apache/camel-k-runtime,master,12
apache/james-jspf,https://github.com/apache/james-jspf,master,12
apache/xmlgraphics-commons,https://github.com/apache/xmlgraphics-commons,trunk,12
apache/nifi-maven,https://github.com/apache/nifi-maven,master,12
apache/camel-spring-boot,https://github.com/apache/camel-spring-boot,master,12
apache/karaf-cave,https://github.com/apache/karaf-cave,master,12
apache/incubator-batchee,https://github.com/apache/incubator-batchee,master,12
apache/commons-functor,https://github.com/apache/commons-functor,master,11
apache/juddi,https://github.com/apache/juddi,master,11
apache/maven-2,https://github.com/apache/maven-2,maven-2.2.x,11
apache/jclouds-examples,https://github.com/apache/jclouds-examples,master,11
apache/incubator-sdap-mudrod,https://github.com/apache/incubator-sdap-mudrod,master,11
apache/directory-scimple,https://github.com/apache/directory-scimple,develop,11
apache/incubator-retired-edgent-samples,https://github.com/apache/incubator-retired-edgent-samples,develop,11
apache/geronimo-config,https://github.com/apache/geronimo-config,trunk,11
apache/metamodel-membrane,https://github.com/apache/metamodel-membrane,master,11
apache/incubator-taverna-engine,https://github.com/apache/incubator-taverna-engine,master,10
apache/sling-org-apache-sling-dynamic-include,https://github.com/apache/sling-org-apache-sling-dynamic-include,master,10
apache/ambari-logsearch,https://github.com/apache/ambari-logsearch,master,10
apache/maven-resources-plugin,https://github.com/apache/maven-resources-plugin,master,10
apache/mina-ftpserver,https://github.com/apache/mina-ftpserver,master,10
apache/river,https://github.com/apache/river,trunk,10
apache/maven-site-plugin,https://github.com/apache/maven-site-plugin,master,10
apache/maven-plugin-testing,https://github.com/apache/maven-plugin-testing,master,10
apache/directory-mavibot,https://github.com/apache/directory-mavibot,master,9
apache/aries-jpa,https://github.com/apache/aries-jpa,master,9
apache/brooklyn-docs,https://github.com/apache/brooklyn-docs,master,9
apache/cayenne-modeler,https://github.com/apache/cayenne-modeler,master,9
apache/commons-geometry,https://github.com/apache/commons-geometry,master,9
apache/openejb,https://github.com/apache/openejb,trunk,9
apache/aries-rsa,https://github.com/apache/aries-rsa,master,9
apache/sling-org-apache-sling-starter,https://github.com/apache/sling-org-apache-sling-starter,master,9
apache/cxf-xjc-utils,https://github.com/apache/cxf-xjc-utils,master,9
apache/accumulo-testing,https://github.com/apache/accumulo-testing,master,9
apache/sling-org-apache-sling-models-impl,https://github.com/apache/sling-org-apache-sling-models-impl,master,8
apache/phoenix-connectors,https://github.com/apache/phoenix-connectors,master,8
apache/ant-ivyde,https://github.com/apache/ant-ivyde,master,8
apache/myfaces-tobago,https://github.com/apache/myfaces-tobago,master,8
apache/sling-org-apache-sling-scripting-sightly,https://github.com/apache/sling-org-apache-sling-scripting-sightly,master,8
apache/fluo-recipes,https://github.com/apache/fluo-recipes,master,8
apache/maven-archetypes,https://github.com/apache/maven-archetypes,master,8
apache/myfaces-extcdi,https://github.com/apache/myfaces-extcdi,trunk,8
apache/incubator-shardingsphere-benchmark,https://github.com/apache/incubator-shardingsphere-benchmark,master,8
apache/chainsaw,https://github.com/apache/chainsaw,trunk,8
apache/incubator-taverna-common-activities,https://github.com/apache/incubator-taverna-common-activities,master,8
apache/servicemix4-specs,https://github.com/apache/servicemix4-specs,trunk,7
apache/opennlp-addons,https://github.com/apache/opennlp-addons,master,7
apache/incubator-retired-wave-android,https://github.com/apache/incubator-retired-wave-android,master,7
apache/usergrid-java,https://github.com/apache/usergrid-java,master,7
apache/uima-as,https://github.com/apache/uima-as,trunk,7
apache/incubator-datasketches-pig,https://github.com/apache/incubator-datasketches-pig,master,7
apache/uima-addons,https://github.com/apache/uima-addons,trunk,7
apache/juneau-petstore,https://github.com/apache/juneau-petstore,master,7
apache/uima-ducc,https://github.com/apache/uima-ducc,trunk,7
apache/click,https://github.com/apache/click,trunk,7
apache/geronimo-javamail,https://github.com/apache/geronimo-javamail,trunk,7
apache/geronimo-xbean,https://github.com/apache/geronimo-xbean,trunk,7
apache/usergrid-android,https://github.com/apache/usergrid-android,master,7
apache/servicemix-components,https://github.com/apache/servicemix-components,trunk,7
apache/ant-antlibs-antunit,https://github.com/apache/ant-antlibs-antunit,master,6
apache/maven-ant-tasks,https://github.com/apache/maven-ant-tasks,trunk,6
apache/manifoldcf-integration-solr-4.x,https://github.com/apache/manifoldcf-integration-solr-4.x,trunk,6
apache/incubator-streampipes-extensions,https://github.com/apache/incubator-streampipes-extensions,dev,6
apache/maven-scm-publish-plugin,https://github.com/apache/maven-scm-publish-plugin,master,6
apache/sling-org-apache-sling-query,https://github.com/apache/sling-org-apache-sling-query,master,6
apache/fineract-cn-customer,https://github.com/apache/fineract-cn-customer,develop,6
apache/karaf-boot,https://github.com/apache/karaf-boot,master,6
apache/skywalking-oal-tool,https://github.com/apache/skywalking-oal-tool,master,6
apache/maven-changelog-plugin,https://github.com/apache/maven-changelog-plugin,master,6
apache/commons-jci,https://github.com/apache/commons-jci,master,6
apache/continuum,https://github.com/apache/continuum,trunk,6
apache/chemistry,https://github.com/apache/chemistry,trunk,6
apache/creadur-rat,https://github.com/apache/creadur-rat,master,6
apache/ignite-teamcity-bot,https://github.com/apache/ignite-teamcity-bot,master,6
apache/incubator-retired-hdt,https://github.com/apache/incubator-retired-hdt,master,6
apache/maven-artifact,https://github.com/apache/maven-artifact,trunk,6
apache/logging-log4j-tools,https://github.com/apache/logging-log4j-tools,master,6
apache/myfaces-html5,https://github.com/apache/myfaces-html5,trunk,5
apache/sling-org-apache-sling-pipes,https://github.com/apache/sling-org-apache-sling-pipes,master,5
apache/maven-antrun-plugin,https://github.com/apache/maven-antrun-plugin,master,5
apache/sling-org-apache-sling-testing-clients,https://github.com/apache/sling-org-apache-sling-testing-clients,master,5
apache/sling-org-apache-sling-api,https://github.com/apache/sling-org-apache-sling-api,master,5
apache/struts-extras,https://github.com/apache/struts-extras,master,5
apache/maven-help-plugin,https://github.com/apache/maven-help-plugin,master,5
apache/wookie,https://github.com/apache/wookie,trunk,5
apache/tomee-site-generator,https://github.com/apache/tomee-site-generator,master,5
apache/accumulo-wikisearch,https://github.com/apache/accumulo-wikisearch,master,5
apache/mina-vysper,https://github.com/apache/mina-vysper,master,5
apache/tiles-request,https://github.com/apache/tiles-request,trunk,5
apache/maven-install-plugin,https://github.com/apache/maven-install-plugin,master,5
apache/kalumet,https://github.com/apache/kalumet,trunk,5
apache/openwhisk-runtime-ballerina,https://github.com/apache/openwhisk-runtime-ballerina,master,5
apache/fineract-cn-portfolio,https://github.com/apache/fineract-cn-portfolio,develop,5
apache/commons-jelly,https://github.com/apache/commons-jelly,master,5
apache/tapestry4,https://github.com/apache/tapestry4,trunk,5
apache/maven-jmod-plugin,https://github.com/apache/maven-jmod-plugin,master,5
apache/servicemix-archetypes,https://github.com/apache/servicemix-archetypes,trunk,5
apache/tomcat55,https://github.com/apache/tomcat55,trunk,5
apache/sling-org-apache-sling-commons-threads,https://github.com/apache/sling-org-apache-sling-commons-threads,master,5
apache/sling-org-apache-sling-feature,https://github.com/apache/sling-org-apache-sling-feature,master,5
apache/maven-jarsigner-plugin,https://github.com/apache/maven-jarsigner-plugin,master,5
apache/sling-org-apache-sling-engine,https://github.com/apache/sling-org-apache-sling-engine,master,4
apache/hbase-filesystem,https://github.com/apache/hbase-filesystem,master,4
apache/xmlgraphics-fop-pdf-images,https://github.com/apache/xmlgraphics-fop-pdf-images,trunk,4
apache/incubator-retired-provisionr,https://github.com/apache/incubator-retired-provisionr,master,4
apache/harmony-classlib,https://github.com/apache/harmony-classlib,trunk,4
apache/james-jsieve,https://github.com/apache/james-jsieve,master,4
apache/maven-dependency-tree,https://github.com/apache/maven-dependency-tree,master,4
apache/openwebbeans-meecrowave-examples,https://github.com/apache/openwebbeans-meecrowave-examples,master,4
apache/maven-jdeps-plugin,https://github.com/apache/maven-jdeps-plugin,master,4
apache/incubator-datasketches-vector,https://github.com/apache/incubator-datasketches-vector,master,4
apache/fineract-cn-payroll,https://github.com/apache/fineract-cn-payroll,develop,4
apache/samza-beam-examples,https://github.com/apache/samza-beam-examples,master,4
apache/karaf-eik,https://github.com/apache/karaf-eik,master,4
apache/geronimo-safeguard,https://github.com/apache/geronimo-safeguard,master,4
apache/uima-sandbox,https://github.com/apache/uima-sandbox,trunk,4
apache/sling-org-apache-sling-rewriter,https://github.com/apache/sling-org-apache-sling-rewriter,master,4
apache/incubator-ambari,https://github.com/apache/incubator-ambari,trunk,4
apache/maven-sandbox,https://github.com/apache/maven-sandbox,trunk,4
apache/karaf-winegrower,https://github.com/apache/karaf-winegrower,master,4
apache/log4j-zeroconf,https://github.com/apache/log4j-zeroconf,trunk,4
apache/maven-project-info-reports-plugin,https://github.com/apache/maven-project-info-reports-plugin,master,4
apache/servicemix-maven-plugins,https://github.com/apache/servicemix-maven-plugins,master,4
apache/streams-examples,https://github.com/apache/streams-examples,master,4
apache/pdfbox-jbig2,https://github.com/apache/pdfbox-jbig2,master,4
apache/sling-org-apache-sling-xss,https://github.com/apache/sling-org-apache-sling-xss,master,4
apache/tuscany-sdo,https://github.com/apache/tuscany-sdo,trunk,4
apache/fineract-cn-provisioner,https://github.com/apache/fineract-cn-provisioner,develop,4
apache/aries-cdi,https://github.com/apache/aries-cdi,master,4
apache/db-jdo,https://github.com/apache/db-jdo,master,4
apache/directory-fortress-commander,https://github.com/apache/directory-fortress-commander,master,4
apache/logging-log4j-audit-sample,https://github.com/apache/logging-log4j-audit-sample,master,4
apache/sling-org-apache-sling-i18n,https://github.com/apache/sling-org-apache-sling-i18n,master,4
apache/maven-shared-utils,https://github.com/apache/maven-shared-utils,master,4
apache/geronimo-txmanager,https://github.com/apache/geronimo-txmanager,trunk,4
apache/commons-release-plugin,https://github.com/apache/commons-release-plugin,master,4
apache/activemq-openwire,https://github.com/apache/activemq-openwire,master,4
apache/maven-invoker-plugin,https://github.com/apache/maven-invoker-plugin,master,4
apache/axis2-transports,https://github.com/apache/axis2-transports,trunk,3
apache/geronimo-devtools,https://github.com/apache/geronimo-devtools,trunk,3
apache/tapestry3,https://github.com/apache/tapestry3,trunk,3
apache/maven-invoker,https://github.com/apache/maven-invoker,master,3
apache/sling-org-apache-sling-resource-filter,https://github.com/apache/sling-org-apache-sling-resource-filter,master,3
apache/freemarker-generator,https://github.com/apache/freemarker-generator,master,3
apache/sling-org-apache-sling-jcr-resource,https://github.com/apache/sling-org-apache-sling-jcr-resource,master,3
apache/cxf-build-utils,https://github.com/apache/cxf-build-utils,master,3
apache/maven-remote-resources-plugin,https://github.com/apache/maven-remote-resources-plugin,master,3
apache/maven-toolchains-plugin,https://github.com/apache/maven-toolchains-plugin,master,3
apache/fineract-cn-template,https://github.com/apache/fineract-cn-template,develop,3
apache/tiles-autotag,https://github.com/apache/tiles-autotag,trunk,3
apache/struts-sandbox,https://github.com/apache/struts-sandbox,trunk,3
apache/incubator-taverna-server,https://github.com/apache/incubator-taverna-server,master,3
apache/harmony-jdktools,https://github.com/apache/harmony-jdktools,trunk,3
apache/ambari-infra,https://github.com/apache/ambari-infra,master,3
apache/directory-fortress-enmasse,https://github.com/apache/directory-fortress-enmasse,master,3
apache/plc4x-build-tools,https://github.com/apache/plc4x-build-tools,develop,3
apache/servicemix4-nmr,https://github.com/apache/servicemix4-nmr,trunk,3
apache/fineract-cn-api,https://github.com/apache/fineract-cn-api,develop,3
apache/sling-org-apache-sling-launchpad-integration-tests,https://github.com/apache/sling-org-apache-sling-launchpad-integration-tests,master,3
apache/maven-gpg-plugin,https://github.com/apache/maven-gpg-plugin,master,3
apache/sling-maven-plugin,https://github.com/apache/sling-maven-plugin,master,3
apache/incubator-datasketches-characterization,https://github.com/apache/incubator-datasketches-characterization,master,3
apache/jsecurity,https://github.com/apache/jsecurity,trunk,3
apache/maven-patch-plugin,https://github.com/apache/maven-patch-plugin,master,3
apache/maven-pdf-plugin,https://github.com/apache/maven-pdf-plugin,master,3
apache/incubator-sdap-ningester,https://github.com/apache/incubator-sdap-ningester,master,3
apache/maven-stage-plugin,https://github.com/apache/maven-stage-plugin,master,3
apache/archiva-redback-core,https://github.com/apache/archiva-redback-core,master,3
apache/karaf-webconsole,https://github.com/apache/karaf-webconsole,master,3
apache/incubator-taverna-commandline,https://github.com/apache/incubator-taverna-commandline,master,3
apache/sling-org-apache-sling-resourceresolver,https://github.com/apache/sling-org-apache-sling-resourceresolver,master,3
apache/cassandra-diff,https://github.com/apache/cassandra-diff,master,3
apache/sling-org-apache-sling-servlets-post,https://github.com/apache/sling-org-apache-sling-servlets-post,master,3
apache/fineract-cn-identity,https://github.com/apache/fineract-cn-identity,develop,3
apache/kandula,https://github.com/apache/kandula,trunk,3
apache/incubator-taverna-workbench,https://github.com/apache/incubator-taverna-workbench,master,3
apache/incubator-knox,https://github.com/apache/incubator-knox,trunk,3
apache/servicemix4-kernel,https://github.com/apache/servicemix4-kernel,trunk,3
apache/logging-chainsaw,https://github.com/apache/logging-chainsaw,master,3
apache/karaf-jclouds,https://github.com/apache/karaf-jclouds,master,3
apache/logging-log4j-boot,https://github.com/apache/logging-log4j-boot,master,3
apache/geronimo-jwt-auth,https://github.com/apache/geronimo-jwt-auth,master,3
apache/maven-doxia-tools,https://github.com/apache/maven-doxia-tools,trunk,3
apache/jackrabbit-filevault-package-maven-plugin,https://github.com/apache/jackrabbit-filevault-package-maven-plugin,trunk,3
apache/activemq-activeio,https://github.com/apache/activemq-activeio,trunk,3
apache/sling-org-apache-sling-fsresource,https://github.com/apache/sling-org-apache-sling-fsresource,master,3
apache/sling-org-apache-sling-distribution-core,https://github.com/apache/sling-org-apache-sling-distribution-core,master,3
apache/fineract-cn-office,https://github.com/apache/fineract-cn-office,develop,3
apache/maven-doxia-sitetools,https://github.com/apache/maven-doxia-sitetools,master,3
apache/maven-app-engine,https://github.com/apache/maven-app-engine,trunk,2
apache/fineract-cn-test,https://github.com/apache/fineract-cn-test,develop,2
apache/fineract-cn-teller,https://github.com/apache/fineract-cn-teller,develop,2
apache/sling-org-apache-sling-auth-form,https://github.com/apache/sling-org-apache-sling-auth-form,master,2
apache/turbine-core,https://github.com/apache/turbine-core,trunk,2
apache/ant-antlibs-props,https://github.com/apache/ant-antlibs-props,master,2
apache/tuscany-sca-1.x,https://github.com/apache/tuscany-sca-1.x,trunk,2
apache/webservices-commons-xmlschema,https://github.com/apache/webservices-commons-xmlschema,trunk,2
apache/savan,https://github.com/apache/savan,trunk,2
apache/maven-rar-plugin,https://github.com/apache/maven-rar-plugin,master,2
apache/accumulo-maven-plugin,https://github.com/apache/accumulo-maven-plugin,master,2
apache/maven-ear-plugin,https://github.com/apache/maven-ear-plugin,master,2
apache/incubator-tamaya-sandbox,https://github.com/apache/incubator-tamaya-sandbox,master,2
apache/sling-org-apache-sling-hc-it,https://github.com/apache/sling-org-apache-sling-hc-it,master,2
apache/sling-org-apache-sling-security,https://github.com/apache/sling-org-apache-sling-security,master,2
apache/sling-org-apache-sling-jobs,https://github.com/apache/sling-org-apache-sling-jobs,master,2
apache/sling-org-apache-sling-bnd-models,https://github.com/apache/sling-org-apache-sling-bnd-models,master,2
apache/activemq-cli-tools,https://github.com/apache/activemq-cli-tools,master,2
apache/geronimo-gshell,https://github.com/apache/geronimo-gshell,trunk,2
apache/sling-org-apache-sling-commons-classloader,https://github.com/apache/sling-org-apache-sling-commons-classloader,master,2
apache/geode-benchmarks,https://github.com/apache/geode-benchmarks,develop,2
apache/struts-annotations,https://github.com/apache/struts-annotations,master,2
apache/maven-resolver-ant-tasks,https://github.com/apache/maven-resolver-ant-tasks,master,2
apache/maven-source-plugin,https://github.com/apache/maven-source-plugin,master,2
apache/myfaces-scripting,https://github.com/apache/myfaces-scripting,trunk,2
apache/geronimo-jaspi,https://github.com/apache/geronimo-jaspi,trunk,2
apache/myfaces-trinidad,https://github.com/apache/myfaces-trinidad,master,2
apache/sling-org-apache-sling-event,https://github.com/apache/sling-org-apache-sling-event,master,2
apache/sling-org-apache-sling-caconfig-api,https://github.com/apache/sling-org-apache-sling-caconfig-api,master,2
apache/sling-org-apache-sling-installer-provider-jcr,https://github.com/apache/sling-org-apache-sling-installer-provider-jcr,master,2
apache/creadur-tentacles,https://github.com/apache/creadur-tentacles,trunk,2
apache/creadur-whisker,https://github.com/apache/creadur-whisker,trunk,2
apache/fineract-cn-accounting,https://github.com/apache/fineract-cn-accounting,develop,2
apache/servicemix-utils,https://github.com/apache/servicemix-utils,trunk,2
apache/maven-file-management,https://github.com/apache/maven-file-management,master,2
apache/sling-org-apache-sling-datasource,https://github.com/apache/sling-org-apache-sling-datasource,master,2
apache/jclouds-labs-aws,https://github.com/apache/jclouds-labs-aws,master,2
apache/netbeans-mavenutils-nbm-maven-plugin,https://github.com/apache/netbeans-mavenutils-nbm-maven-plugin,master,2
apache/sling-org-apache-sling-testing-sling-mock,https://github.com/apache/sling-org-apache-sling-testing-sling-mock,master,2
apache/ws-wss4j,https://github.com/apache/ws-wss4j,master,2
apache/fineract-cn-notifications,https://github.com/apache/fineract-cn-notifications,develop,2
apache/ant-antlibs-compress,https://github.com/apache/ant-antlibs-compress,master,2
apache/incubator-taverna-plugin-gis,https://github.com/apache/incubator-taverna-plugin-gis,master,2
apache/maven-resources,https://github.com/apache/maven-resources,trunk,2
apache/fineract-cn-deposit-account-management,https://github.com/apache/fineract-cn-deposit-account-management,develop,2
apache/karaf-jclouds-cli,https://github.com/apache/karaf-jclouds-cli,master,2
apache/archiva-sandbox,https://github.com/apache/archiva-sandbox,trunk,2
apache/nuvem,https://github.com/apache/nuvem,trunk,2
apache/sling-org-apache-sling-settings,https://github.com/apache/sling-org-apache-sling-settings,master,2
apache/ant-easyant-tasks,https://github.com/apache/ant-easyant-tasks,master,2
apache/servicemix3,https://github.com/apache/servicemix3,trunk,2
apache/sling-org-apache-sling-scripting-freemarker,https://github.com/apache/sling-org-apache-sling-scripting-freemarker,master,2
apache/aries-component-dsl,https://github.com/apache/aries-component-dsl,master,2
apache/incubator-tamaya-extensions,https://github.com/apache/incubator-tamaya-extensions,master,2
apache/rocketmq-remoting,https://github.com/apache/rocketmq-remoting,master,2
apache/directory-samples,https://github.com/apache/directory-samples,master,2
apache/incubator-taverna-workbench-common-activities,https://github.com/apache/incubator-taverna-workbench-common-activities,master,2
apache/ant-easyant-core,https://github.com/apache/ant-easyant-core,master,2
apache/ant-easyant-plugins,https://github.com/apache/ant-easyant-plugins,master,2
apache/freemarker-docgen,https://github.com/apache/freemarker-docgen,master,2
apache/maven-jxr,https://github.com/apache/maven-jxr,master,2
apache/fineract-cn-lang,https://github.com/apache/fineract-cn-lang,develop,2
apache/maven-repository-builder-retired,https://github.com/apache/maven-repository-builder-retired,master,2
apache/sling-org-apache-sling-scripting-sightly-compiler,https://github.com/apache/sling-org-apache-sling-scripting-sightly-compiler,master,2
apache/ignite-extensions,https://github.com/apache/ignite-extensions,master,2
apache/sling-org-apache-sling-servlets-get,https://github.com/apache/sling-org-apache-sling-servlets-get,master,2
apache/activemq-artemis-native,https://github.com/apache/activemq-artemis-native,master,2
apache/sling-org-apache-sling-jms,https://github.com/apache/sling-org-apache-sling-jms,master,2
apache/maven-changes-plugin,https://github.com/apache/maven-changes-plugin,master,2
apache/any23-server,https://github.com/apache/any23-server,master,2
apache/fineract-cn-mariadb,https://github.com/apache/fineract-cn-mariadb,develop,2
apache/commons-testing,https://github.com/apache/commons-testing,master,2
apache/maven-verifier-plugin,https://github.com/apache/maven-verifier-plugin,master,2
apache/geronimo-genesis,https://github.com/apache/geronimo-genesis,trunk,2
apache/maven-dependency-analyzer,https://github.com/apache/maven-dependency-analyzer,master,2
apache/fineract-cn-anubis,https://github.com/apache/fineract-cn-anubis,develop,2
apache/struts-archetypes,https://github.com/apache/struts-archetypes,master,2
apache/sling-org-apache-sling-hc-samples,https://github.com/apache/sling-org-apache-sling-hc-samples,master,2
apache/sling-org-apache-sling-installer-core,https://github.com/apache/sling-org-apache-sling-installer-core,master,2
apache/juddi-scout,https://github.com/apache/juddi-scout,master,1
apache/maven-mercury,https://github.com/apache/maven-mercury,trunk,1
apache/fineract-cn-service-starter,https://github.com/apache/fineract-cn-service-starter,develop,1
apache/maven-ant-plugin,https://github.com/apache/maven-ant-plugin,master,1
apache/sling-org-apache-sling-commons-log-webconsole,https://github.com/apache/sling-org-apache-sling-commons-log-webconsole,master,1
apache/sling-org-apache-sling-scripting-thymeleaf,https://github.com/apache/sling-org-apache-sling-scripting-thymeleaf,master,1
apache/fineract-cn-data-jpa,https://github.com/apache/fineract-cn-data-jpa,develop,1
apache/fineract-cn-cheques,https://github.com/apache/fineract-cn-cheques,develop,1
apache/fineract-cn-rhythm,https://github.com/apache/fineract-cn-rhythm,develop,1
apache/incubator-optiq-csv,https://github.com/apache/incubator-optiq-csv,master,1
apache/usergrid-qakka,https://github.com/apache/usergrid-qakka,master,1
apache/sling-org-apache-sling-hapi,https://github.com/apache/sling-org-apache-sling-hapi,master,1
apache/accumulo-bsp,https://github.com/apache/accumulo-bsp,master,1
apache/jclouds-labs,https://github.com/apache/jclouds-labs,master,1
apache/fineract-cn-command,https://github.com/apache/fineract-cn-command,develop,1
apache/sling-org-apache-sling-caconfig-bnd-plugin,https://github.com/apache/sling-org-apache-sling-caconfig-bnd-plugin,master,1
apache/fineract-cn-reporting,https://github.com/apache/fineract-cn-reporting,develop,1
apache/sling-org-apache-sling-scripting-xproc,https://github.com/apache/sling-org-apache-sling-scripting-xproc,master,1
apache/sling-org-apache-sling-extensions-classloader-leak-detector,https://github.com/apache/sling-org-apache-sling-extensions-classloader-leak-detector,master,1
apache/sling-org-apache-sling-junit-core,https://github.com/apache/sling-org-apache-sling-junit-core,master,1
apache/turbine-archetypes,https://github.com/apache/turbine-archetypes,master,1
apache/fineract-cn-permitted-feign-client,https://github.com/apache/fineract-cn-permitted-feign-client,develop,1
apache/sling-org-apache-sling-repoinit-parser,https://github.com/apache/sling-org-apache-sling-repoinit-parser,master,1
apache/ant-antlibs-vss,https://github.com/apache/ant-antlibs-vss,master,1
apache/sling-org-apache-sling-featureflags,https://github.com/apache/sling-org-apache-sling-featureflags,master,1
apache/sling-org-apache-sling-resourcecollection,https://github.com/apache/sling-org-apache-sling-resourcecollection,master,1
apache/sling-org-apache-sling-serviceusermapper,https://github.com/apache/sling-org-apache-sling-serviceusermapper,master,1
apache/fineract-cn-crypto,https://github.com/apache/fineract-cn-crypto,develop,1
apache/sling-org-apache-sling-testing-osgi-mock,https://github.com/apache/sling-org-apache-sling-testing-osgi-mock,master,1
apache/sandesha,https://github.com/apache/sandesha,trunk,1
apache/openwhisk-sample-matos,https://github.com/apache/openwhisk-sample-matos,master,1
apache/sling-org-apache-sling-resourceaccesssecurity,https://github.com/apache/sling-org-apache-sling-resourceaccesssecurity,master,1
apache/sling-org-apache-sling-testing-rules,https://github.com/apache/sling-org-apache-sling-testing-rules,master,1
apache/sling-org-apache-sling-resourcebuilder,https://github.com/apache/sling-org-apache-sling-resourcebuilder,master,1
apache/maven-filtering,https://github.com/apache/maven-filtering,master,1
apache/sling-org-apache-sling-commons-clam,https://github.com/apache/sling-org-apache-sling-commons-clam,master,1
apache/incubator-milagro-java,https://github.com/apache/incubator-milagro-java,master,1
apache/ws-neethi,https://github.com/apache/ws-neethi,master,1
apache/sling-org-apache-sling-testing-sling-mock-oak,https://github.com/apache/sling-org-apache-sling-testing-sling-mock-oak,master,1
apache/ode-jacob,https://github.com/apache/ode-jacob,master,1
apache/tuscany-das,https://github.com/apache/tuscany-das,trunk,1
apache/fineract-cn-cassandra,https://github.com/apache/fineract-cn-cassandra,develop,1
apache/sling-org-apache-sling-tenant,https://github.com/apache/sling-org-apache-sling-tenant,master,1
apache/sling-org-apache-sling-tracer,https://github.com/apache/sling-org-apache-sling-tracer,master,1
apache/sling-org-apache-sling-scripting-sightly-models-provider,https://github.com/apache/sling-org-apache-sling-scripting-sightly-models-provider,master,1
apache/sling-org-apache-sling-mom,https://github.com/apache/sling-org-apache-sling-mom,master,1
apache/dubbo-serialization-gson,https://github.com/apache/dubbo-serialization-gson,master,1
apache/tomee-chatterbox,https://github.com/apache/tomee-chatterbox,master,1
apache/directory-fortress-realm,https://github.com/apache/directory-fortress-realm,master,1
apache/sling-org-apache-sling-commons-scheduler,https://github.com/apache/sling-org-apache-sling-commons-scheduler,master,1
apache/sling-org-apache-sling-feature-cpconverter,https://github.com/apache/sling-org-apache-sling-feature-cpconverter,master,1
apache/sling-org-apache-sling-installer-provider-installhook,https://github.com/apache/sling-org-apache-sling-installer-provider-installhook,master,1
apache/turbine-fulcrum,https://github.com/apache/turbine-fulcrum,trunk,1
apache/ant-easyant-buildtypes,https://github.com/apache/ant-easyant-buildtypes,master,1
apache/fineract-cn-group,https://github.com/apache/fineract-cn-group,develop,1
apache/sling-org-apache-sling-discovery-base,https://github.com/apache/sling-org-apache-sling-discovery-base,master,1
apache/accumulo-instamo-archetype,https://github.com/apache/accumulo-instamo-archetype,master,1
apache/accumulo-pig,https://github.com/apache/accumulo-pig,master,1
apache/maven-shared-io,https://github.com/apache/maven-shared-io,master,1
apache/sling-org-apache-sling-feature-karaf,https://github.com/apache/sling-org-apache-sling-feature-karaf,master,1
apache/sling-slingfeature-maven-plugin,https://github.com/apache/sling-slingfeature-maven-plugin,master,1
apache/redback-components,https://github.com/apache/redback-components,trunk,1
apache/maven-artifact-resolver,https://github.com/apache/maven-artifact-resolver,master,1
apache/sling-org-apache-sling-installer-it,https://github.com/apache/sling-org-apache-sling-installer-it,master,1
apache/sling-org-apache-sling-cassandra,https://github.com/apache/sling-org-apache-sling-cassandra,master,1
apache/sling-maven-launchpad-plugin,https://github.com/apache/sling-maven-launchpad-plugin,master,1
apache/sling-org-apache-sling-urlrewriter,https://github.com/apache/sling-org-apache-sling-urlrewriter,master,1
apache/sling-org-apache-sling-commons-log,https://github.com/apache/sling-org-apache-sling-commons-log,master,1
apache/attic-onami,https://github.com/apache/attic-onami,master,1
apache/qpid-jms-amqp-0-x,https://github.com/apache/qpid-jms-amqp-0-x,master,1
apache/sling-slingstart-maven-plugin,https://github.com/apache/sling-slingstart-maven-plugin,master,1
apache/ant-easyant-easyant4e,https://github.com/apache/ant-easyant-easyant4e,master,1
apache/geronimo-yoko,https://github.com/apache/geronimo-yoko,master,1
apache/sling-org-apache-sling-distribution-sample,https://github.com/apache/sling-org-apache-sling-distribution-sample,master,1
apache/sling-org-apache-sling-reqanalyzer,https://github.com/apache/sling-org-apache-sling-reqanalyzer,master,1
apache/sling-org-apache-sling-jcr-api,https://github.com/apache/sling-org-apache-sling-jcr-api,master,1
apache/sling-org-apache-sling-jcr-classloader,https://github.com/apache/sling-org-apache-sling-jcr-classloader,master,1
apache/aries-containers,https://github.com/apache/aries-containers,master,1
apache/aries-tx-control,https://github.com/apache/aries-tx-control,master,1
apache/fluo-examples,https://github.com/apache/fluo-examples,master,1
apache/maven-scripting-plugin,https://github.com/apache/maven-scripting-plugin,master,1
apache/sling-org-apache-sling-feature-apiregions,https://github.com/apache/sling-org-apache-sling-feature-apiregions,master,1
apache/sling-org-apache-sling-installer-factory-configuration,https://github.com/apache/sling-org-apache-sling-installer-factory-configuration,master,1
apache/sling-org-apache-sling-jcr-davex,https://github.com/apache/sling-org-apache-sling-jcr-davex,master,1
apache/sling-bundle-archetype,https://github.com/apache/sling-bundle-archetype,master,1
apache/ant-antlibs-dotnet,https://github.com/apache/ant-antlibs-dotnet,master,1
apache/geronimo-metrics,https://github.com/apache/geronimo-metrics,master,1
apache/fineract-cn-async,https://github.com/apache/fineract-cn-async,develop,1
apache/sling-jspc-maven-plugin,https://github.com/apache/sling-jspc-maven-plugin,master,1
apache/sling-org-apache-sling-installer-factory-subsystems,https://github.com/apache/sling-org-apache-sling-installer-factory-subsystems,master,1
apache/sling-org-apache-sling-launchpad-api,https://github.com/apache/sling-org-apache-sling-launchpad-api,master,1
apache/geronimo-opentracing,https://github.com/apache/geronimo-opentracing,master,1
apache/sling-org-apache-sling-servlets-annotations,https://github.com/apache/sling-org-apache-sling-servlets-annotations,master,1
apache/ws-axiom,https://github.com/apache/ws-axiom,master,1
apache/sling-org-apache-sling-distribution-journal,https://github.com/apache/sling-org-apache-sling-distribution-journal,master,1
apache/sling-org-apache-sling-servlets-resolver,https://github.com/apache/sling-org-apache-sling-servlets-resolver,master,1
apache/sling-org-apache-sling-installer-provider-file,https://github.com/apache/sling-org-apache-sling-installer-provider-file,master,1
apache/incubator-optiq-linq4j,https://github.com/apache/incubator-optiq-linq4j,master,1
apache/sling-org-apache-sling-jcr-webdav,https://github.com/apache/sling-org-apache-sling-jcr-webdav,master,1
apache/incubator-twill,https://github.com/apache/incubator-twill,master,1
apache/sling-org-apache-sling-jmx-provider,https://github.com/apache/sling-org-apache-sling-jmx-provider,master,1
apache/incubator-taverna-osgi,https://github.com/apache/incubator-taverna-osgi,master,1
apache/attic-polygene-sandbox,https://github.com/apache/attic-polygene-sandbox,master,1
apache/river-container,https://github.com/apache/river-container,master,1
apache/james-postage,https://github.com/apache/james-postage,master,1
apache/sling-org-apache-sling-nosql-generic,https://github.com/apache/sling-org-apache-sling-nosql-generic,master,1
apache/sling-org-apache-sling-installer-hc,https://github.com/apache/sling-org-apache-sling-installer-hc,master,1
apache/sling-org-apache-sling-hapi-client,https://github.com/apache/sling-org-apache-sling-hapi-client,master,1
apache/sling-org-apache-sling-testing-serversetup,https://github.com/apache/sling-org-apache-sling-testing-serversetup,master,1
apache/sling-org-apache-sling-distribution-journal-messages,https://github.com/apache/sling-org-apache-sling-distribution-journal-messages,master,1
apache/maven-osgi,https://github.com/apache/maven-osgi,master,1
apache/jclouds-labs-openstack,https://github.com/apache/jclouds-labs-openstack,master,1
apache/sling-org-apache-sling-commons-messaging,https://github.com/apache/sling-org-apache-sling-commons-messaging,master,1
apache/jackrabbit-ocm,https://github.com/apache/jackrabbit-ocm,trunk,1
apache/ant-antlibs-svn,https://github.com/apache/ant-antlibs-svn,master,1
apache/sling-org-apache-sling-superimposing,https://github.com/apache/sling-org-apache-sling-superimposing,master,1
apache/sling-org-apache-sling-performance,https://github.com/apache/sling-org-apache-sling-performance,master,1
apache/sling-org-apache-sling-resourcemerger,https://github.com/apache/sling-org-apache-sling-resourcemerger,master,1
apache/sling-org-apache-sling-launchpad-installer,https://github.com/apache/sling-org-apache-sling-launchpad-installer,master,1
apache/sling-org-apache-sling-feature-launcher,https://github.com/apache/sling-org-apache-sling-feature-launcher,master,1
apache/accumulo-proxy,https://github.com/apache/accumulo-proxy,master,1
apache/clerezza-rdf-core,https://github.com/apache/clerezza-rdf-core,master,1
apache/netbeans-jackpot30,https://github.com/apache/netbeans-jackpot30,master,1
apache/sling-org-apache-sling-adapter,https://github.com/apache/sling-org-apache-sling-adapter,master,1
apache/sling-org-apache-sling-tail,https://github.com/apache/sling-org-apache-sling-tail,master,1
apache/sling-org-apache-sling-testing-hamcrest,https://github.com/apache/sling-org-apache-sling-testing-hamcrest,master,1
apache/sling-adapter-annotations,https://github.com/apache/sling-adapter-annotations,master,1
apache/sling-taglib-archetype,https://github.com/apache/sling-taglib-archetype,master,1
apache/sling-org-apache-sling-commons-metrics,https://github.com/apache/sling-org-apache-sling-commons-metrics,master,1
apache/directory-buildtools,https://github.com/apache/directory-buildtools,master,1
apache/aries-journaled-events,https://github.com/apache/aries-journaled-events,master,1
apache/maven-archiver,https://github.com/apache/maven-archiver,master,1
apache/rampart,https://github.com/apache/rampart,trunk,1
apache/sling-org-apache-sling-commons-threaddump,https://github.com/apache/sling-org-apache-sling-commons-threaddump,master,1
apache/sling-ide-tooling,https://github.com/apache/sling-ide-tooling,master,1
apache/sling-org-apache-sling-mongodb,https://github.com/apache/sling-org-apache-sling-mongodb,master,1
apache/maven-jarsigner,https://github.com/apache/maven-jarsigner,master,1
apache/manifoldcf-integration-solr-7.x,https://github.com/apache/manifoldcf-integration-solr-7.x,trunk,1
apache/fineract-cn-postgresql,https://github.com/apache/fineract-cn-postgresql,develop,1
apache/fineract-cn-default-setup,https://github.com/apache/fineract-cn-default-setup,develop,1
apache/sling-org-apache-sling-distribution-avro-serializer,https://github.com/apache/sling-org-apache-sling-distribution-avro-serializer,master,0
apache/sling-org-apache-sling-resource-inventory,https://github.com/apache/sling-org-apache-sling-resource-inventory,master,0
apache/sling-launchpad-comparator,https://github.com/apache/sling-launchpad-comparator,master,0
apache/sling-org-apache-sling-scripting-groovy,https://github.com/apache/sling-org-apache-sling-scripting-groovy,master,0
apache/sling-org-apache-sling-launchpad-contrib-testing,https://github.com/apache/sling-org-apache-sling-launchpad-contrib-testing,master,0
apache/sling-org-apache-sling-hc-junit-bridge,https://github.com/apache/sling-org-apache-sling-hc-junit-bridge,master,0
apache/sling-org-apache-sling-launchpad-startupmanager,https://github.com/apache/sling-org-apache-sling-launchpad-startupmanager,master,0
apache/netbeans-mavenutils-archetype-netbeans-platform-app-archetype,https://github.com/apache/netbeans-mavenutils-archetype-netbeans-platform-app-archetype,master,0
apache/sling-org-apache-sling-distribution-journal-kafka,https://github.com/apache/sling-org-apache-sling-distribution-journal-kafka,master,0
apache/isis-app-helloworld,https://github.com/apache/isis-app-helloworld,master,0
apache/maven-reporting-api,https://github.com/apache/maven-reporting-api,master,0
apache/sling-org-apache-sling-resourceaccesssecurity-it,https://github.com/apache/sling-org-apache-sling-resourceaccesssecurity-it,master,0
apache/sling-org-apache-sling-nosql-couchbase-client,https://github.com/apache/sling-org-apache-sling-nosql-couchbase-client,master,0
apache/sling-org-apache-sling-launchpad-test-services-war,https://github.com/apache/sling-org-apache-sling-launchpad-test-services-war,master,0
apache/sling-org-apache-sling-nosql-couchbase-resourceprovider,https://github.com/apache/sling-org-apache-sling-nosql-couchbase-resourceprovider,master,0
apache/sling-org-apache-sling-feature-resolver,https://github.com/apache/sling-org-apache-sling-feature-resolver,master,0
apache/manifoldcf-integration-elasticsearch-5.5,https://github.com/apache/manifoldcf-integration-elasticsearch-5.5,trunk,0
apache/geronimo-batchee,https://github.com/apache/geronimo-batchee,master,0
apache/netbeans-mavenutils-nb-repository-plugin,https://github.com/apache/netbeans-mavenutils-nb-repository-plugin,master,0
apache/sling-org-apache-sling-scripting-sightly-compiler-java,https://github.com/apache/sling-org-apache-sling-scripting-sightly-compiler-java,master,0
apache/sling-org-apache-sling-jcr-repository-it-resource-versioning,https://github.com/apache/sling-org-apache-sling-jcr-repository-it-resource-versioning,master,0
apache/sling-org-apache-sling-servlets-annotations-it,https://github.com/apache/sling-org-apache-sling-servlets-annotations-it,master,0
apache/archiva-redback-components-spring-utils,https://github.com/apache/archiva-redback-components-spring-utils,master,0
apache/cayenne-examples,https://github.com/apache/cayenne-examples,master,0
apache/mina-asyncweb,https://github.com/apache/mina-asyncweb,master,0
apache/sling-org-apache-sling-contentparser-testutils,https://github.com/apache/sling-org-apache-sling-contentparser-testutils,master,0
apache/sling-org-apache-sling-contentparser-api,https://github.com/apache/sling-org-apache-sling-contentparser-api,master,0
apache/sling-org-apache-sling-file-optimization,https://github.com/apache/sling-org-apache-sling-file-optimization,master,0
apache/sling-org-apache-sling-commons-johnzon,https://github.com/apache/sling-org-apache-sling-commons-johnzon,master,0
apache/sling-org-apache-sling-jcr-js-nodetypes,https://github.com/apache/sling-org-apache-sling-jcr-js-nodetypes,master,0
apache/sling-org-apache-sling-junit-remote,https://github.com/apache/sling-org-apache-sling-junit-remote,master,0
apache/sling-org-apache-sling-auth-core,https://github.com/apache/sling-org-apache-sling-auth-core,master,0
apache/sling-org-apache-sling-discovery-commons,https://github.com/apache/sling-org-apache-sling-discovery-commons,master,0
apache/sling-org-apache-sling-jcr-jackrabbit-usermanager,https://github.com/apache/sling-org-apache-sling-jcr-jackrabbit-usermanager,master,0
apache/sling-org-apache-sling-jcr-oak-server,https://github.com/apache/sling-org-apache-sling-jcr-oak-server,master,0
apache/sling-org-apache-sling-oak-restrictions,https://github.com/apache/sling-org-apache-sling-oak-restrictions,master,0
apache/sling-org-apache-sling-models-api,https://github.com/apache/sling-org-apache-sling-models-api,master,0
apache/sling-org-apache-sling-models-jacksonexporter,https://github.com/apache/sling-org-apache-sling-models-jacksonexporter,master,0
apache/sling-org-apache-sling-hc-api,https://github.com/apache/sling-org-apache-sling-hc-api,master,0
apache/sling-org-apache-sling-bundleresource-impl,https://github.com/apache/sling-org-apache-sling-bundleresource-impl,master,0
apache/maven-mapping,https://github.com/apache/maven-mapping,master,0
apache/commons-signing,https://github.com/apache/commons-signing,master,0
apache/sling-org-apache-sling-scripting-bundle-tracker,https://github.com/apache/sling-org-apache-sling-scripting-bundle-tracker,master,0
apache/sling-org-apache-sling-commons-crypto,https://github.com/apache/sling-org-apache-sling-commons-crypto,master,0
apache/servicemix-specs,https://github.com/apache/servicemix-specs,master,0
apache/sling-org-apache-sling-commons-messaging-mail,https://github.com/apache/sling-org-apache-sling-commons-messaging-mail,master,0
apache/sling-org-apache-sling-testing-jcr-mock,https://github.com/apache/sling-org-apache-sling-testing-jcr-mock,master,0
apache/sling-org-apache-sling-caconfig-spi,https://github.com/apache/sling-org-apache-sling-caconfig-spi,master,0
apache/karaf-reactive-components,https://github.com/apache/karaf-reactive-components,master,0
apache/sling-org-apache-sling-commons-fsclassloader,https://github.com/apache/sling-org-apache-sling-commons-fsclassloader,master,0
apache/sling-org-apache-sling-auth-xing-oauth,https://github.com/apache/sling-org-apache-sling-auth-xing-oauth,master,0
apache/sling-org-apache-sling-distribution-it,https://github.com/apache/sling-org-apache-sling-distribution-it,master,0
apache/sling-org-apache-sling-validation-api,https://github.com/apache/sling-org-apache-sling-validation-api,master,0
apache/sling-org-apache-sling-validation-core,https://github.com/apache/sling-org-apache-sling-validation-core,master,0
apache/manifoldcf-integration-solr-6.x,https://github.com/apache/manifoldcf-integration-solr-6.x,trunk,0
apache/sling-org-apache-sling-feature-inventoryprinter,https://github.com/apache/sling-org-apache-sling-feature-inventoryprinter,master,0
apache/sling-org-apache-sling-jcr-repoinit,https://github.com/apache/sling-org-apache-sling-jcr-repoinit,master,0
apache/sling-org-apache-sling-scripting-core,https://github.com/apache/sling-org-apache-sling-scripting-core,master,0
apache/maven-artifact-transfer,https://github.com/apache/maven-artifact-transfer,master,0
apache/isis-app-simpleapp,https://github.com/apache/isis-app-simpleapp,master,0
apache/sling-org-apache-sling-junit-teleporter,https://github.com/apache/sling-org-apache-sling-junit-teleporter,master,0
apache/maven-common-artifact-filters,https://github.com/apache/maven-common-artifact-filters,master,0
apache/sling-org-apache-sling-launchpad-base,https://github.com/apache/sling-org-apache-sling-launchpad-base,master,0
apache/sling-org-apache-sling-models-validation-impl,https://github.com/apache/sling-org-apache-sling-models-validation-impl,master,0
apache/sling-org-apache-sling-resource-presence,https://github.com/apache/sling-org-apache-sling-resource-presence,master,0
apache/sling-org-apache-sling-validation-examples,https://github.com/apache/sling-org-apache-sling-validation-examples,master,0
apache/sling-org-apache-sling-jcr-base,https://github.com/apache/sling-org-apache-sling-jcr-base,master,0
apache/sling-org-apache-sling-scripting-java,https://github.com/apache/sling-org-apache-sling-scripting-java,master,0
apache/sling-org-apache-sling-testing-email,https://github.com/apache/sling-org-apache-sling-testing-email,master,0
apache/sling-org-apache-sling-extensions-slf4j-mdc,https://github.com/apache/sling-org-apache-sling-extensions-slf4j-mdc,master,0
apache/sling-org-apache-sling-tooling-support-source,https://github.com/apache/sling-org-apache-sling-tooling-support-source,master,0
apache/geronimo-jcache-simple,https://github.com/apache/geronimo-jcache-simple,master,0
apache/ignite-abbrev-plugin,https://github.com/apache/ignite-abbrev-plugin,master,0
apache/xalan-java,https://github.com/apache/xalan-java,Bxalan-j_2_2L,0
apache/sling-org-apache-sling-contentparser-xml,https://github.com/apache/sling-org-apache-sling-contentparser-xml,master,0
apache/sling-org-apache-sling-feature-analyser,https://github.com/apache/sling-org-apache-sling-feature-analyser,master,0
apache/geronimo-arthur,https://github.com/apache/geronimo-arthur,master,0
apache/maven-shared-jar,https://github.com/apache/maven-shared-jar,master,0
apache/sling-org-apache-sling-jcr-jackrabbit-accessmanager,https://github.com/apache/sling-org-apache-sling-jcr-jackrabbit-accessmanager,master,0
apache/sling-org-apache-sling-commons-logservice,https://github.com/apache/sling-org-apache-sling-commons-logservice,master,0
apache/sling-org-apache-sling-commons-osgi,https://github.com/apache/sling-org-apache-sling-commons-osgi,master,0
apache/sling-org-apache-sling-junit-scriptable,https://github.com/apache/sling-org-apache-sling-junit-scriptable,master,0
apache/maven-shared-incremental,https://github.com/apache/maven-shared-incremental,master,0
apache/maven-verifier,https://github.com/apache/maven-verifier,master,0
apache/myfaces-test,https://github.com/apache/myfaces-test,master,0
apache/sling-org-apache-sling-feature-extension-content,https://github.com/apache/sling-org-apache-sling-feature-extension-content,master,0
apache/sling-org-apache-sling-scripting-bundle-tracker-it,https://github.com/apache/sling-org-apache-sling-scripting-bundle-tracker-it,master,0
apache/netbeans-mavenutils-nbm-shared,https://github.com/apache/netbeans-mavenutils-nbm-shared,master,0
apache/sling-org-apache-sling-connection-timeout-agent,https://github.com/apache/sling-org-apache-sling-connection-timeout-agent,master,0
apache/fineract-cn-interoperation,https://github.com/apache/fineract-cn-interoperation,develop,0
apache/incubator-streampipes-examples,https://github.com/apache/incubator-streampipes-examples,dev,0
apache/sling-org-apache-sling-testing-caconfig-mock-plugin,https://github.com/apache/sling-org-apache-sling-testing-caconfig-mock-plugin,master,0
apache/sling-org-apache-sling-caconfig-integration-tests,https://github.com/apache/sling-org-apache-sling-caconfig-integration-tests,master,0
apache/sling-org-apache-sling-installer-console,https://github.com/apache/sling-org-apache-sling-installer-console,master,0
apache/maven-ejb-plugin,https://github.com/apache/maven-ejb-plugin,master,0
apache/maven-repository-plugin,https://github.com/apache/maven-repository-plugin,master,0
apache/sling-org-apache-sling-junit-healthcheck,https://github.com/apache/sling-org-apache-sling-junit-healthcheck,master,0
apache/sling-org-apache-sling-junit-performance,https://github.com/apache/sling-org-apache-sling-junit-performance,master,0
apache/sling-org-apache-sling-testing-paxexam,https://github.com/apache/sling-org-apache-sling-testing-paxexam,master,0
apache/sling-org-apache-sling-provisioning-model,https://github.com/apache/sling-org-apache-sling-provisioning-model,master,0
apache/sling-org-apache-sling-event-api,https://github.com/apache/sling-org-apache-sling-event-api,master,0
apache/sling-org-apache-sling-scripting-api,https://github.com/apache/sling-org-apache-sling-scripting-api,master,0
apache/sling-org-apache-sling-clam,https://github.com/apache/sling-org-apache-sling-clam,master,0
apache/geronimo-microprofile,https://github.com/apache/geronimo-microprofile,master,0
apache/sling-scriptingbundle-maven-plugin,https://github.com/apache/sling-scriptingbundle-maven-plugin,master,0
apache/sling-org-apache-sling-scripting-javascript,https://github.com/apache/sling-org-apache-sling-scripting-javascript,master,0
apache/geronimo-openapi,https://github.com/apache/geronimo-openapi,master,0
apache/tomcat-jakartaee-migration,https://github.com/apache/tomcat-jakartaee-migration,master,0
apache/sling-org-apache-sling-tooling-support-install,https://github.com/apache/sling-org-apache-sling-tooling-support-install,master,0
apache/sling-org-apache-sling-validation-test-services,https://github.com/apache/sling-org-apache-sling-validation-test-services,master,0
apache/sling-org-apache-sling-commons-cache-container-test,https://github.com/apache/sling-org-apache-sling-commons-cache-container-test,master,0
apache/sling-org-apache-sling-bnd-plugins,https://github.com/apache/sling-org-apache-sling-bnd-plugins,master,0
apache/sling-org-apache-sling-karaf-launchpad-oak-tar-integration-tests,https://github.com/apache/sling-org-apache-sling-karaf-launchpad-oak-tar-integration-tests,master,0
apache/sling-org-apache-sling-feature-io,https://github.com/apache/sling-org-apache-sling-feature-io,master,0
apache/sling-org-apache-sling-launchpad-test-services,https://github.com/apache/sling-org-apache-sling-launchpad-test-services,master,0
apache/any23-plugins,https://github.com/apache/any23-plugins,master,0
apache/sling-org-apache-sling-auth-xing-login,https://github.com/apache/sling-org-apache-sling-auth-xing-login,master,0
apache/sling-org-apache-sling-launchpad-test-fragment,https://github.com/apache/sling-org-apache-sling-launchpad-test-fragment,master,0
apache/sling-org-apache-sling-jcr-contentparser,https://github.com/apache/sling-org-apache-sling-jcr-contentparser,master,0
apache/sling-org-apache-sling-hc-support,https://github.com/apache/sling-org-apache-sling-hc-support,master,0
apache/sling-org-apache-sling-paxexam-util,https://github.com/apache/sling-org-apache-sling-paxexam-util,master,0
apache/sling-jcrinstall-bundle-archetype,https://github.com/apache/sling-jcrinstall-bundle-archetype,master,0
apache/sling-org-apache-sling-jcr-resourcesecurity,https://github.com/apache/sling-org-apache-sling-jcr-resourcesecurity,master,0
apache/maven-reporting-impl,https://github.com/apache/maven-reporting-impl,master,0
apache/maven-runtime,https://github.com/apache/maven-runtime,master,0
apache/maven-doxia-ide,https://github.com/apache/maven-doxia-ide,trunk,0
apache/geronimo-health,https://github.com/apache/geronimo-health,master,0
apache/ws-xmlschema,https://github.com/apache/ws-xmlschema,master,0
apache/sling-org-apache-sling-committer-cli,https://github.com/apache/sling-org-apache-sling-committer-cli,master,0
apache/sling-feature-converter-maven-plugin,https://github.com/apache/sling-feature-converter-maven-plugin,master,0
apache/maven-doap-plugin,https://github.com/apache/maven-doap-plugin,master,0
apache/maven-jdeprscan-plugin,https://github.com/apache/maven-jdeprscan-plugin,master,0
apache/maven-downloader,https://github.com/apache/maven-downloader,master,0
apache/sling-org-apache-sling-auth-xing-api,https://github.com/apache/sling-org-apache-sling-auth-xing-api,master,0
apache/sling-org-apache-sling-commons-compiler,https://github.com/apache/sling-org-apache-sling-commons-compiler,master,0
apache/sling-org-apache-sling-jcr-registration,https://github.com/apache/sling-org-apache-sling-jcr-registration,master,0
apache/sling-org-apache-sling-jobs-it,https://github.com/apache/sling-org-apache-sling-jobs-it,master,0
apache/sling-org-apache-sling-installer-factory-model,https://github.com/apache/sling-org-apache-sling-installer-factory-model,master,0
apache/sling-org-apache-sling-nosql-mongodb-resourceprovider,https://github.com/apache/sling-org-apache-sling-nosql-mongodb-resourceprovider,master,0
apache/myfaces-build-tools,https://github.com/apache/myfaces-build-tools,master,0
apache/sling-org-apache-sling-serviceuser-webconsole,https://github.com/apache/sling-org-apache-sling-serviceuser-webconsole,master,0
apache/sling-org-apache-sling-jcr-packageinit,https://github.com/apache/sling-org-apache-sling-jcr-packageinit,master,0
apache/sling-org-apache-sling-contentparser-json,https://github.com/apache/sling-org-apache-sling-contentparser-json,master,0
apache/sling-htl-maven-plugin,https://github.com/apache/sling-htl-maven-plugin,master,0
apache/maven-doxia-converter,https://github.com/apache/maven-doxia-converter,master,0
apache/directmemory-lightning,https://github.com/apache/directmemory-lightning,trunk,0
apache/sling-org-apache-sling-installer-factory-subsystems-base,https://github.com/apache/sling-org-apache-sling-installer-factory-subsystems-base,master,0
apache/sling-org-apache-sling-extensions-webconsolesecurityprovider,https://github.com/apache/sling-org-apache-sling-extensions-webconsolesecurityprovider,master,0
apache/sling-org-apache-sling-jcr-jackrabbit-base,https://github.com/apache/sling-org-apache-sling-jcr-jackrabbit-base,master,0
apache/sling-org-apache-sling-discovery-standalone,https://github.com/apache/sling-org-apache-sling-discovery-standalone,master,0
apache/sling-org-apache-sling-discovery-support,https://github.com/apache/sling-org-apache-sling-discovery-support,master,0
apache/sling-org-apache-sling-jcr-webconsole,https://github.com/apache/sling-org-apache-sling-jcr-webconsole,master,0
apache/sling-org-apache-sling-capabilities,https://github.com/apache/sling-org-apache-sling-capabilities,master,0
apache/sling-org-apache-sling-feature-applicationbuilder,https://github.com/apache/sling-org-apache-sling-feature-applicationbuilder,master,0
apache/sling-org-apache-sling-models-caconfig,https://github.com/apache/sling-org-apache-sling-models-caconfig,master,0
apache/archiva-components,https://github.com/apache/archiva-components,master,0
apache/sling-org-apache-sling-scripting-sightly-testing,https://github.com/apache/sling-org-apache-sling-scripting-sightly-testing,master,0
apache/sling-org-apache-sling-distribution-journal-it,https://github.com/apache/sling-org-apache-sling-distribution-journal-it,master,0
apache/manifoldcf-integration-solr-3.x,https://github.com/apache/manifoldcf-integration-solr-3.x,trunk,0
apache/sling-org-apache-sling-commons-contentdetection,https://github.com/apache/sling-org-apache-sling-commons-contentdetection,master,0
apache/activemq-nms-openwire-generator,https://github.com/apache/activemq-nms-openwire-generator,master,0
apache/maven-project-utils,https://github.com/apache/maven-project-utils,master,0
apache/sling-org-apache-sling-scripting-jsp-taglib-compat,https://github.com/apache/sling-org-apache-sling-scripting-jsp-taglib-compat,master,0
apache/sling-org-apache-sling-bnd-plugin-headers-parameters-remove,https://github.com/apache/sling-org-apache-sling-bnd-plugin-headers-parameters-remove,master,0
apache/sling-org-apache-sling-scripting-sightly-runtime,https://github.com/apache/sling-org-apache-sling-scripting-sightly-runtime,master,0
apache/airavata-mft,https://github.com/apache/airavata-mft,master,0
apache/sling-org-apache-sling-feature-modelconverter,https://github.com/apache/sling-org-apache-sling-feature-modelconverter,master,0
apache/sling-org-apache-sling-feature-extension-apiregions,https://github.com/apache/sling-org-apache-sling-feature-extension-apiregions,master,0
apache/sling-org-apache-sling-commons-testing,https://github.com/apache/sling-org-apache-sling-commons-testing,master,0
apache/sling-org-apache-sling-distribution-api,https://github.com/apache/sling-org-apache-sling-distribution-api,master,0
apache/sling-org-apache-sling-distribution-kryo-serializer,https://github.com/apache/sling-org-apache-sling-distribution-kryo-serializer,master,0
apache/sling-org-apache-sling-jobs-it-services,https://github.com/apache/sling-org-apache-sling-jobs-it-services,master,0
apache/sling-org-apache-sling-installer-factory-deploymentpackage,https://github.com/apache/sling-org-apache-sling-installer-factory-deploymentpackage,master,0
apache/sling-org-apache-sling-commons-mime,https://github.com/apache/sling-org-apache-sling-commons-mime,master,0
apache/sling-org-apache-sling-discovery-oak,https://github.com/apache/sling-org-apache-sling-discovery-oak,master,0
apache/manifoldcf-integration-elasticsearch,https://github.com/apache/manifoldcf-integration-elasticsearch,trunk,0
apache/sling-org-apache-sling-contentparser-xml-jcr,https://github.com/apache/sling-org-apache-sling-contentparser-xml-jcr,master,0
apache/sling-org-apache-sling-discovery-impl,https://github.com/apache/sling-org-apache-sling-discovery-impl,master,0
apache/sling-org-apache-sling-servlet-helpers,https://github.com/apache/sling-org-apache-sling-servlet-helpers,master,0
apache/sling-org-apache-sling-scripting-sightly-js-provider,https://github.com/apache/sling-org-apache-sling-scripting-sightly-js-provider,master,0
apache/sling-org-apache-sling-scripting-jsp,https://github.com/apache/sling-org-apache-sling-scripting-jsp,master,0
apache/sling-org-apache-sling-karaf-integration-tests,https://github.com/apache/sling-org-apache-sling-karaf-integration-tests,master,0
apache/sling-org-apache-sling-caconfig-impl,https://github.com/apache/sling-org-apache-sling-caconfig-impl,master,0
apache/maven-docck-plugin,https://github.com/apache/maven-docck-plugin,master,0
apache/sling-org-apache-sling-installer-factory-packages,https://github.com/apache/sling-org-apache-sling-installer-factory-packages,master,0
apache/sling-org-apache-sling-scripting-jsp-taglib,https://github.com/apache/sling-org-apache-sling-scripting-jsp-taglib,master,0
apache/sling-org-apache-sling-models-integration-tests,https://github.com/apache/sling-org-apache-sling-models-integration-tests,master,0
apache/sling-org-apache-sling-event-dea,https://github.com/apache/sling-org-apache-sling-event-dea,master,0
apache/sling-org-apache-sling-commons-html,https://github.com/apache/sling-org-apache-sling-commons-html,master,0
apache/manifoldcf-integration-solr-5.x,https://github.com/apache/manifoldcf-integration-solr-5.x,trunk,0
apache/sling-org-apache-sling-capabilities-jcr,https://github.com/apache/sling-org-apache-sling-capabilities-jcr,master,0
apache/sling-org-apache-sling-commons-jcr-file,https://github.com/apache/sling-org-apache-sling-commons-jcr-file,master,0
apache/sling-org-apache-sling-jcr-filetransfer,https://github.com/apache/sling-org-apache-sling-jcr-filetransfer,master,0
apache/sling-project-archetype,https://github.com/apache/sling-project-archetype,master,0
apache/sling-org-apache-sling-feature-apiregions-model,https://github.com/apache/sling-org-apache-sling-feature-apiregions-model,master,0
apache/sling-org-apache-sling-feature-diff,https://github.com/apache/sling-org-apache-sling-feature-diff,master,0
apache/netbeans-mavenutils-nbm-maven-harness,https://github.com/apache/netbeans-mavenutils-nbm-maven-harness,master,0
apache/asterixdb-bad,https://github.com/apache/asterixdb-bad,master,0
apache/sling-org-apache-sling-testing-resourceresolver-mock,https://github.com/apache/sling-org-apache-sling-testing-resourceresolver-mock,master,0
apache/myfaces-trinidad-maven,https://github.com/apache/myfaces-trinidad-maven,master,0
apache/sling-org-apache-sling-commons-metrics-rrd4j,https://github.com/apache/sling-org-apache-sling-commons-metrics-rrd4j,master,0
apache/sling-org-apache-sling-discovery-api,https://github.com/apache/sling-org-apache-sling-discovery-api,master,0
apache/sling-servlet-archetype,https://github.com/apache/sling-servlet-archetype,master,0
apache/sling-maven-jcrocm-plugin,https://github.com/apache/sling-maven-jcrocm-plugin,master,0
apache/sling-org-apache-sling-scripting-console,https://github.com/apache/sling-org-apache-sling-scripting-console,master,0
apache/sling-org-apache-sling-javax-activation,https://github.com/apache/sling-org-apache-sling-javax-activation,master,0
apache/sling-org-apache-sling-jcr-contentloader,https://github.com/apache/sling-org-apache-sling-jcr-contentloader,master,0
apache/maven-script-interpreter,https://github.com/apache/maven-script-interpreter,master,0
apache/maven-linkcheck-plugin,https://github.com/apache/maven-linkcheck-plugin,master,0
apache/manifoldcf-integration-elasticsearch-2.0,https://github.com/apache/manifoldcf-integration-elasticsearch-2.0,trunk,0
apache/manifoldcf-integration-elasticsearch-1.5,https://github.com/apache/manifoldcf-integration-elasticsearch-1.5,trunk,0
apache/fineract-cn-stellar-bridge,https://github.com/apache/fineract-cn-stellar-bridge,master,0
apache/clerezza-contribs,https://github.com/apache/clerezza-contribs,master,0
apache/sling-org-apache-sling-feature-r2f,https://github.com/apache/sling-org-apache-sling-feature-r2f,master,0
apache/maven-acr-plugin,https://github.com/apache/maven-acr-plugin,master,0
apache/maven-reporting-exec,https://github.com/apache/maven-reporting-exec,master,0
